unique_id,gender,hold racket handed,play years_0,play years_1,play years_2,level_2,level_3,level_4,level_5
1968,0.863704,0.890741,0.02,0.93,0.05,0.05,0.83,0.03,0.09
1969,0.853333,0.997407,0.0,1.0,0.0,0.0,0.01,0.0,0.99
1970,0.928519,0.991852,0.0,1.0,0.0,0.0,0.0,0.0,1.0
1971,0.898889,0.993704,0.0,1.0,0.0,0.0,0.0,0.0,1.0
1972,0.733704,0.988889,0.02,0.98,0.0,0.01,0.12,0.0,0.87
1973,0.911111,0.984444,0.01,0.12,0.87,0.9,0.03,0.0,0.07
1974,0.924815,0.995556,0.0,1.0,0.0,0.0,0.0,0.0,1.0
1975,0.92037,0.998519,0.0,1.0,0.0,0.0,0.0,0.0,1.0
1976,0.922963,0.938889,0.04,0.96,0.0,0.0,0.08,0.0,0.92
1977,0.951111,0.995926,0.0,1.0,0.0,0.0,0.0,0.0,1.0
1978,0.95,0.996296,0.0,1.0,0.0,0.0,0.0,0.0,1.0
1979,0.831852,0.937778,0.07,0.93,0.0,0.01,0.03,0.0,0.96
1980,0.583704,0.762222,0.1,0.09,0.81,0.9,0.01,0.02,0.07
1981,0.935556,0.057778,0.01,0.98,0.01,0.0,0.03,0.0,0.97
1982,0.952593,0.998148,0.0,1.0,0.0,0.0,0.0,0.0,1.0
1983,0.793704,0.528519,0.05,0.94,0.01,0.0,0.19,0.0,0.81
1984,0.740741,0.902593,0.24,0.51,0.25,0.24,0.06,0.05,0.65
1985,0.965926,0.144074,0.04,0.92,0.04,0.01,0.1,0.04,0.85
1986,0.92,0.998148,0.0,1.0,0.0,0.0,0.0,0.0,1.0
1987,0.757407,0.988148,0.0,1.0,0.0,0.0,0.03,0.0,0.97
1988,0.912593,0.938148,0.03,0.1,0.87,0.98,0.0,0.0,0.02
1989,0.617778,0.998519,0.01,0.99,0.0,0.0,0.02,0.0,0.98
1990,0.857037,0.166296,0.06,0.87,0.07,0.06,0.01,0.01,0.92
1991,0.847037,0.915556,0.12,0.61,0.27,0.66,0.09,0.07,0.18
1992,0.589259,0.989259,0.0,1.0,0.0,0.0,0.02,0.0,0.98
1993,0.777778,0.13963,0.02,0.98,0.0,0.0,0.02,0.0,0.98
1994,0.875185,0.998519,0.0,1.0,0.0,0.0,0.0,0.0,1.0
1995,0.88037,0.894444,0.0,0.96,0.04,0.06,0.75,0.02,0.17
1996,0.370741,0.991111,0.0,1.0,0.0,0.0,0.02,0.0,0.98
1997,0.788148,0.999259,0.02,0.97,0.01,0.0,0.03,0.0,0.97
1998,0.888148,0.997407,0.0,1.0,0.0,0.0,0.0,0.0,1.0
1999,0.945556,0.995926,0.0,1.0,0.0,0.0,0.0,0.0,1.0
2000,0.917407,0.978148,0.01,0.97,0.02,0.0,0.94,0.0,0.06
2001,0.849259,0.743333,0.02,0.87,0.11,0.19,0.57,0.04,0.2
2002,0.860741,0.974444,0.01,0.99,0.0,0.01,0.1,0.0,0.89
2003,0.584815,0.997407,0.0,1.0,0.0,0.0,0.01,0.0,0.99
2004,0.708519,0.954444,0.13,0.26,0.61,0.19,0.08,0.01,0.72
2005,0.263704,0.837407,0.03,0.0,0.97,0.96,0.0,0.02,0.02
2006,0.981111,0.026296,0.0,1.0,0.0,0.0,0.01,0.0,0.99
2007,0.988519,0.038148,0.03,0.94,0.03,0.04,0.06,0.0,0.9
2008,0.81,0.246296,0.06,0.93,0.01,0.0,0.87,0.0,0.13
2009,0.654074,0.181852,0.01,0.99,0.0,0.0,0.0,0.0,1.0
2010,0.688889,0.986667,0.0,1.0,0.0,0.0,0.0,0.0,1.0
2011,0.982963,0.068889,0.09,0.86,0.05,0.08,0.05,0.02,0.85
2012,0.795556,0.837037,0.13,0.71,0.16,0.61,0.23,0.04,0.12
2013,0.771111,0.99037,0.0,1.0,0.0,0.0,0.01,0.0,0.99
2014,0.920741,0.995926,0.0,1.0,0.0,0.0,0.0,0.0,1.0
2015,0.917778,0.068519,0.89,0.1,0.01,0.02,0.86,0.01,0.11
2016,0.89037,0.788148,0.01,0.85,0.14,0.19,0.69,0.02,0.1
2017,0.858519,0.984815,0.0,1.0,0.0,0.0,0.0,0.0,1.0
2018,0.868889,0.996667,0.0,1.0,0.0,0.0,0.0,0.0,1.0
2019,0.900741,0.995556,0.0,1.0,0.0,0.0,0.0,0.0,1.0
2020,0.343704,0.781481,0.01,0.02,0.97,0.98,0.01,0.0,0.01
2021,0.837407,0.892222,0.27,0.58,0.15,0.22,0.01,0.02,0.75
2022,0.291111,0.711111,0.03,0.09,0.88,0.94,0.01,0.01,0.04
2023,0.853333,0.996296,0.0,1.0,0.0,0.0,0.02,0.0,0.98
2024,0.648148,0.983704,0.0,1.0,0.0,0.0,0.12,0.0,0.88
2025,0.771111,0.881481,0.03,0.96,0.01,0.01,0.29,0.01,0.69
2026,0.927778,0.985185,0.08,0.83,0.09,0.83,0.12,0.0,0.05
2027,0.86037,0.98,0.08,0.12,0.8,0.85,0.0,0.04,0.11
2028,0.967037,0.068519,0.11,0.78,0.11,0.14,0.12,0.0,0.74
2029,0.885926,0.996667,0.0,1.0,0.0,0.0,0.0,0.0,1.0
2030,0.902963,0.867037,0.04,0.92,0.04,0.14,0.68,0.01,0.17
2031,0.82963,0.978148,0.05,0.95,0.0,0.0,0.15,0.0,0.85
2032,0.947407,0.997407,0.0,1.0,0.0,0.0,0.0,0.0,1.0
2033,0.725926,0.955185,0.14,0.57,0.29,0.31,0.06,0.0,0.63
2034,0.863704,0.852593,0.0,0.94,0.06,0.13,0.73,0.01,0.13
2035,0.98,0.097778,0.09,0.88,0.03,0.07,0.13,0.12,0.68
2036,0.643704,0.998148,0.0,1.0,0.0,0.0,0.0,0.0,1.0
2037,0.91037,0.994444,0.03,0.14,0.83,0.89,0.02,0.01,0.08
2038,0.944074,0.998148,0.0,1.0,0.0,0.0,0.0,0.0,1.0
2039,0.764444,0.999259,0.02,0.98,0.0,0.0,0.04,0.0,0.96
2040,0.661852,0.997778,0.0,1.0,0.0,0.0,0.94,0.0,0.06
2041,0.753704,0.997778,0.0,1.0,0.0,0.0,0.0,0.0,1.0
2042,0.935556,0.992222,0.01,0.93,0.06,0.15,0.04,0.0,0.81
2043,0.96963,0.99963,0.0,1.0,0.0,0.0,0.0,0.0,1.0
2044,0.665185,0.981481,0.03,0.1,0.87,0.9,0.01,0.04,0.05
2045,0.73037,0.991481,0.0,1.0,0.0,0.0,0.01,0.01,0.98
2046,0.956667,0.998519,0.0,1.0,0.0,0.0,0.0,0.0,1.0
2047,0.501111,0.994074,0.0,1.0,0.0,0.0,0.08,0.0,0.92
2048,0.814074,0.98963,0.0,1.0,0.0,0.0,0.92,0.0,0.08
2049,0.902963,0.995926,0.0,1.0,0.0,0.0,0.01,0.0,0.99
2050,0.960741,0.981111,0.02,0.87,0.11,0.02,0.03,0.02,0.93
2051,0.94037,0.976667,0.01,0.97,0.02,0.0,0.01,0.0,0.99
2052,0.927037,0.994074,0.0,1.0,0.0,0.0,0.0,0.0,1.0
2053,0.807407,0.978889,0.1,0.11,0.79,0.85,0.03,0.0,0.12
2054,0.886296,0.995185,0.0,0.89,0.11,0.75,0.07,0.0,0.18
2055,0.804074,0.954074,0.0,1.0,0.0,0.0,0.03,0.0,0.97
2056,0.876667,0.992222,0.01,0.89,0.1,0.07,0.82,0.0,0.11
2057,0.325556,0.995556,0.0,1.0,0.0,0.0,0.02,0.0,0.98
2058,0.585556,1.0,0.0,1.0,0.0,0.0,0.0,0.0,1.0
2059,0.677407,0.992963,0.01,0.99,0.0,0.0,0.01,0.0,0.99
2060,0.718519,0.954815,0.01,0.98,0.01,0.0,0.03,0.0,0.97
2061,0.916667,0.84,0.03,0.9,0.07,0.12,0.69,0.02,0.17
2062,0.923333,0.984444,0.79,0.11,0.1,0.03,0.07,0.0,0.9
2063,0.891852,0.987778,0.0,1.0,0.0,0.0,0.02,0.0,0.98
2064,0.836296,0.105926,0.02,0.98,0.0,0.0,0.02,0.0,0.98
2065,0.871111,0.936667,0.01,0.75,0.24,0.76,0.04,0.0,0.2
2066,0.728519,0.98037,0.17,0.22,0.61,0.72,0.0,0.05,0.23
2067,0.955926,0.024815,0.83,0.15,0.02,0.0,0.89,0.03,0.08
2068,0.842593,0.204074,0.04,0.96,0.0,0.0,0.05,0.0,0.95
2069,0.889259,0.971852,0.05,0.2,0.75,0.74,0.16,0.0,0.1
2070,0.93037,0.952593,0.03,0.97,0.0,0.01,0.06,0.0,0.93
2071,0.951111,0.04037,0.0,1.0,0.0,0.0,0.0,0.0,1.0
2072,0.898148,0.144074,0.0,1.0,0.0,0.0,0.0,0.0,1.0
2073,0.973333,0.03963,0.03,0.97,0.0,0.0,0.02,0.0,0.98
2074,0.374074,0.98037,0.0,1.0,0.0,0.0,0.0,0.0,1.0
2075,0.896296,0.996296,0.0,0.13,0.87,0.85,0.03,0.01,0.11
2076,0.891852,0.97963,0.04,0.07,0.89,0.85,0.1,0.01,0.04
2077,0.647407,0.991111,0.01,0.99,0.0,0.0,0.94,0.0,0.06
2078,0.939259,0.983704,0.02,0.95,0.03,0.11,0.76,0.0,0.13
2079,0.432222,0.87,0.07,0.02,0.91,0.93,0.0,0.02,0.05
2080,0.700741,0.977037,0.0,1.0,0.0,0.0,0.97,0.0,0.03
2081,0.97963,0.044074,0.05,0.95,0.0,0.02,0.05,0.0,0.93
2082,0.836296,0.99,0.13,0.73,0.14,0.07,0.03,0.01,0.89
2083,0.654815,0.902963,0.01,0.99,0.0,0.01,0.02,0.0,0.97
2084,0.935926,0.990741,0.01,0.95,0.04,0.03,0.01,0.0,0.96
2085,0.894815,0.992222,0.0,1.0,0.0,0.0,0.01,0.0,0.99
2086,0.812963,0.997407,0.0,1.0,0.0,0.0,0.03,0.0,0.97
2087,0.848889,0.999259,0.0,1.0,0.0,0.0,0.02,0.0,0.98
2088,0.712593,0.998519,0.0,1.0,0.0,0.01,0.05,0.01,0.93
2089,0.852222,0.997407,0.0,1.0,0.0,0.0,0.01,0.0,0.99
2090,0.882963,0.991481,0.0,1.0,0.0,0.0,0.01,0.0,0.99
2091,0.887778,0.938889,0.02,0.94,0.04,0.04,0.87,0.0,0.09
2092,0.457407,0.987407,0.0,1.0,0.0,0.0,0.04,0.0,0.96
2093,0.928519,0.992222,0.0,1.0,0.0,0.0,0.0,0.0,1.0
2094,0.873704,0.998889,0.0,1.0,0.0,0.0,0.02,0.0,0.98
2095,0.744444,0.17037,0.03,0.97,0.0,0.0,0.02,0.0,0.98
2096,0.86037,0.955556,0.03,0.96,0.01,0.05,0.03,0.04,0.88
2097,0.990741,0.071481,0.0,0.97,0.03,0.04,0.02,0.01,0.93
2098,0.95037,0.990741,0.02,0.96,0.02,0.12,0.87,0.0,0.01
2099,0.86037,0.994074,0.0,1.0,0.0,0.0,0.99,0.0,0.01
2100,0.693333,0.976667,0.14,0.31,0.55,0.35,0.03,0.01,0.61
2101,0.873333,0.940741,0.04,0.8,0.16,0.82,0.06,0.02,0.1
2102,0.909259,0.158889,0.74,0.19,0.07,0.05,0.73,0.06,0.16
2103,0.941481,0.998519,0.0,1.0,0.0,0.0,0.02,0.0,0.98
2104,0.863704,0.977407,0.01,0.95,0.04,0.16,0.09,0.0,0.75
2105,0.875556,0.996296,0.0,1.0,0.0,0.0,0.0,0.0,1.0
2106,0.552963,0.995556,0.02,0.98,0.0,0.0,0.01,0.0,0.99
2107,0.930741,0.997407,0.0,1.0,0.0,0.0,0.0,0.0,1.0
2108,0.960741,0.999259,0.0,1.0,0.0,0.0,0.0,0.0,1.0
2109,0.84037,0.981111,0.01,0.99,0.0,0.0,0.01,0.0,0.99
2110,0.865556,0.996296,0.03,0.1,0.87,0.82,0.01,0.01,0.16
2111,0.875185,0.987407,0.13,0.19,0.68,0.77,0.0,0.03,0.2
2112,0.720741,0.95037,0.05,0.95,0.0,0.0,0.02,0.01,0.97
2113,0.875926,0.997037,0.0,0.97,0.03,0.08,0.03,0.0,0.89
2114,0.957037,0.976667,0.21,0.65,0.14,0.02,0.01,0.04,0.93
2115,0.698519,0.984444,0.01,0.99,0.0,0.0,0.02,0.0,0.98
2116,0.938148,0.993704,0.0,0.23,0.77,0.81,0.11,0.0,0.08
2117,0.922963,0.99,0.0,0.96,0.04,0.07,0.13,0.0,0.8
2118,0.921111,0.989259,0.0,1.0,0.0,0.0,0.0,0.0,1.0
2119,0.795926,0.310741,0.14,0.62,0.24,0.21,0.05,0.07,0.67
2120,0.993333,0.059259,0.02,0.96,0.02,0.01,0.08,0.01,0.9
2121,0.575926,0.998519,0.0,1.0,0.0,0.0,0.01,0.0,0.99
2122,0.877778,0.974444,0.0,0.16,0.84,0.81,0.06,0.01,0.12
2123,0.81963,0.998889,0.0,1.0,0.0,0.0,0.0,0.0,1.0
2124,0.386667,0.995556,0.0,1.0,0.0,0.0,0.0,0.0,1.0
2125,0.958519,0.999259,0.0,1.0,0.0,0.0,0.0,0.0,1.0
2126,0.633704,0.241481,0.03,0.97,0.0,0.01,0.03,0.0,0.96
2127,0.611111,0.967778,0.01,0.99,0.0,0.0,0.02,0.0,0.98
2128,0.945185,0.998148,0.0,1.0,0.0,0.0,0.0,0.0,1.0
2129,0.921481,0.998889,0.0,1.0,0.0,0.0,0.0,0.0,1.0
2130,0.941111,0.140741,0.87,0.12,0.01,0.0,0.96,0.0,0.04
2131,0.822593,0.98,0.01,0.99,0.0,0.0,0.0,0.0,1.0
2132,0.858889,0.987778,0.01,0.12,0.87,0.92,0.03,0.02,0.03
2133,0.885556,1.0,0.0,1.0,0.0,0.0,0.0,0.0,1.0
2134,0.95037,0.991852,0.0,1.0,0.0,0.0,0.0,0.0,1.0
2135,0.98963,0.051852,0.0,0.97,0.03,0.01,0.04,0.0,0.95
2136,0.927407,0.992963,0.02,0.2,0.78,0.78,0.16,0.0,0.06
2137,0.901852,0.04,0.05,0.95,0.0,0.0,0.04,0.0,0.96
2138,0.843704,0.999259,0.0,1.0,0.0,0.0,0.0,0.0,1.0
2139,0.896296,0.994444,0.0,1.0,0.0,0.0,0.0,0.0,1.0
2140,0.954444,0.998889,0.0,1.0,0.0,0.0,0.0,0.0,1.0
2141,0.795556,0.832963,0.07,0.72,0.21,0.55,0.23,0.01,0.21
2142,0.865185,0.151852,0.01,0.99,0.0,0.0,0.01,0.0,0.99
2143,0.703333,0.957407,0.03,0.97,0.0,0.01,0.07,0.0,0.92
2144,0.841481,0.985185,0.0,1.0,0.0,0.0,0.0,0.0,1.0
2145,0.920741,0.994074,0.06,0.87,0.07,0.7,0.14,0.01,0.15
2146,0.944074,0.997778,0.0,1.0,0.0,0.0,0.0,0.0,1.0
2147,0.184074,0.99,0.0,1.0,0.0,0.0,0.0,0.0,1.0
2148,0.810741,0.997778,0.0,1.0,0.0,0.0,0.0,0.0,1.0
2149,0.977407,0.043704,0.2,0.8,0.0,0.0,0.2,0.0,0.8
2150,0.94,0.117037,0.0,0.99,0.01,0.05,0.04,0.0,0.91
2151,0.889259,0.995926,0.01,0.06,0.93,0.92,0.0,0.0,0.08
2152,0.297407,0.977407,0.01,0.99,0.0,0.0,0.02,0.0,0.98
2153,0.726296,0.979259,0.03,0.15,0.82,0.84,0.01,0.0,0.15
2154,0.655185,0.995926,0.0,1.0,0.0,0.01,0.02,0.0,0.97
2155,0.853704,0.12037,0.02,0.98,0.0,0.0,0.01,0.0,0.99
2156,0.871481,0.907778,0.15,0.71,0.14,0.26,0.56,0.02,0.16
2157,0.81963,1.0,0.0,1.0,0.0,0.0,0.0,0.0,1.0
2158,0.97963,0.024444,0.0,1.0,0.0,0.0,0.01,0.0,0.99
2159,0.455556,0.994074,0.0,1.0,0.0,0.0,0.03,0.0,0.97
2160,0.932222,0.998889,0.0,1.0,0.0,0.0,0.0,0.0,1.0
2161,0.875556,0.999259,0.0,1.0,0.0,0.0,0.0,0.0,1.0
2162,0.326296,0.991111,0.0,1.0,0.0,0.0,0.0,0.0,1.0
2163,0.884815,0.992963,0.0,1.0,0.0,0.0,0.0,0.0,1.0
2164,0.666296,0.988148,0.0,1.0,0.0,0.0,0.01,0.0,0.99
2165,0.94,0.996667,0.0,1.0,0.0,0.0,0.0,0.0,1.0
2166,0.936296,0.985926,0.12,0.81,0.07,0.05,0.0,0.09,0.86
2167,0.899259,0.996296,0.0,1.0,0.0,0.0,0.0,0.0,1.0
2168,0.936667,0.071111,0.0,1.0,0.0,0.0,0.0,0.0,1.0
2169,0.778519,0.986667,0.72,0.15,0.13,0.15,0.0,0.07,0.78
2170,0.577407,0.994074,0.01,0.99,0.0,0.0,0.13,0.0,0.87
2171,0.761852,0.795185,0.12,0.78,0.1,0.07,0.3,0.01,0.62
2172,0.864074,0.885185,0.03,0.95,0.02,0.03,0.91,0.0,0.06
2173,0.86963,0.089259,0.01,0.99,0.0,0.0,0.01,0.0,0.99
2175,0.954444,0.063704,0.93,0.07,0.0,0.01,0.92,0.01,0.06
2176,0.785185,0.99,0.02,0.78,0.2,0.11,0.07,0.24,0.58
2177,0.484074,0.997778,0.0,1.0,0.0,0.0,0.0,0.0,1.0
2178,0.732963,0.896667,0.02,0.98,0.0,0.0,0.06,0.0,0.94
2179,0.784444,0.851111,0.06,0.94,0.0,0.0,0.11,0.01,0.88
2180,0.932963,0.115556,0.01,0.96,0.03,0.03,0.0,0.01,0.96
2181,0.932963,0.986667,0.02,0.13,0.85,0.89,0.04,0.01,0.06
2183,0.905926,0.997037,0.01,0.95,0.04,0.02,0.0,0.0,0.98
2184,0.795926,0.99,0.07,0.69,0.24,0.19,0.05,0.05,0.71
2185,0.884444,0.975926,0.01,0.89,0.1,0.89,0.02,0.0,0.09
2186,0.795926,0.157037,0.04,0.96,0.0,0.0,0.01,0.0,0.99
2187,0.922963,0.967407,0.08,0.16,0.76,0.9,0.03,0.0,0.07
2188,0.870741,0.99963,0.0,1.0,0.0,0.0,0.0,0.0,1.0
2189,0.797037,0.827407,0.14,0.64,0.22,0.56,0.26,0.01,0.17
2190,0.759259,0.994444,0.0,1.0,0.0,0.0,0.0,0.0,1.0
2191,0.933704,0.088519,0.12,0.83,0.05,0.13,0.0,0.04,0.83
2192,0.94037,0.995556,0.0,1.0,0.0,0.0,0.0,0.0,1.0
2193,0.902963,0.998889,0.0,1.0,0.0,0.0,0.0,0.0,1.0
2194,0.328519,0.997407,0.02,0.98,0.0,0.0,0.13,0.01,0.86
2195,0.52037,0.967407,0.01,0.98,0.01,0.03,0.09,0.03,0.85
2196,0.621481,0.998889,0.0,1.0,0.0,0.0,0.0,0.0,1.0
2197,0.981481,0.027037,0.0,1.0,0.0,0.0,0.0,0.0,1.0
2198,0.318519,0.996667,0.0,1.0,0.0,0.0,0.14,0.0,0.86
2199,0.543333,0.999259,0.0,1.0,0.0,0.0,0.0,0.0,1.0
2200,0.896296,0.991111,0.01,0.91,0.08,0.07,0.0,0.0,0.93
2201,0.834444,0.991852,0.04,0.27,0.69,0.69,0.18,0.0,0.13
2202,0.576667,0.988148,0.01,0.98,0.01,0.0,0.05,0.0,0.95
2203,0.684444,0.996296,0.0,1.0,0.0,0.0,0.03,0.0,0.97
2204,0.872593,0.185185,0.76,0.23,0.01,0.0,0.87,0.0,0.13
2205,0.942963,0.995926,0.0,0.11,0.89,0.92,0.05,0.0,0.03
2206,0.833704,0.997778,0.01,0.99,0.0,0.0,0.02,0.0,0.98
2207,0.714074,0.965926,0.19,0.5,0.31,0.24,0.04,0.02,0.7
2208,0.666667,0.998519,0.0,1.0,0.0,0.0,0.02,0.0,0.98
2209,0.801852,0.967778,0.15,0.67,0.18,0.14,0.06,0.0,0.8
2210,0.868889,0.998148,0.0,1.0,0.0,0.0,0.0,0.0,1.0
2211,0.913333,0.993704,0.0,0.16,0.84,0.9,0.02,0.0,0.08
2212,0.914815,0.866296,0.02,0.93,0.05,0.07,0.86,0.0,0.07
2213,0.972963,0.061481,0.14,0.81,0.05,0.12,0.06,0.0,0.82
2214,0.838889,0.999259,0.0,1.0,0.0,0.0,0.0,0.0,1.0
2215,0.518148,0.995185,0.0,1.0,0.0,0.0,0.09,0.0,0.91
2216,0.928148,0.15037,0.2,0.72,0.08,0.13,0.72,0.03,0.12
2217,0.876667,0.928519,0.01,0.95,0.04,0.06,0.86,0.02,0.06
2218,0.902963,0.925926,0.01,0.99,0.0,0.0,0.03,0.01,0.96
2219,0.896667,0.96963,0.04,0.9,0.06,0.13,0.03,0.01,0.83
2220,0.836667,0.281852,0.01,0.98,0.01,0.0,0.03,0.0,0.97
2221,0.913333,0.83963,0.01,0.95,0.04,0.1,0.76,0.0,0.14
2222,0.592963,0.983704,0.01,0.99,0.0,0.0,0.02,0.01,0.97
2223,0.867037,0.033333,0.81,0.17,0.02,0.0,0.75,0.0,0.25
2224,0.719259,0.987778,0.03,0.97,0.0,0.0,0.91,0.0,0.09
2225,0.938519,0.995556,0.0,1.0,0.0,0.0,0.0,0.0,1.0
2226,0.938519,0.116296,0.02,0.95,0.03,0.05,0.0,0.01,0.94
2227,0.851852,0.87037,0.13,0.72,0.15,0.31,0.54,0.05,0.1
2228,0.876296,0.064074,0.98,0.01,0.01,0.01,0.95,0.01,0.03
2229,0.922963,0.997407,0.0,1.0,0.0,0.0,0.0,0.0,1.0
2230,0.948519,0.884074,0.05,0.94,0.01,0.07,0.06,0.0,0.87
2231,0.953704,0.996667,0.01,0.91,0.08,0.08,0.07,0.01,0.84
2232,0.656667,0.97963,0.16,0.2,0.64,0.38,0.02,0.01,0.59
2233,0.967037,0.065556,0.13,0.83,0.04,0.08,0.06,0.0,0.86
2234,0.75037,0.982222,0.05,0.87,0.08,0.18,0.0,0.01,0.81
2235,0.863333,0.911481,0.01,0.99,0.0,0.0,0.09,0.0,0.91
2236,0.908889,0.971111,0.0,1.0,0.0,0.0,0.0,0.0,1.0
2237,0.7,0.925926,0.02,0.96,0.02,0.0,0.04,0.0,0.96
2238,0.860741,0.91963,0.02,0.94,0.04,0.03,0.79,0.01,0.17
2239,0.506667,0.997407,0.0,1.0,0.0,0.0,0.0,0.0,1.0
2240,0.337778,0.955556,0.0,1.0,0.0,0.0,0.04,0.01,0.95
2241,0.942963,0.996296,0.0,0.99,0.01,0.08,0.03,0.01,0.88
2243,0.352593,0.998889,0.0,1.0,0.0,0.0,0.05,0.0,0.95
2244,0.41037,0.998148,0.0,1.0,0.0,0.0,0.01,0.0,0.99
2245,0.635185,0.182222,0.04,0.96,0.0,0.0,0.01,0.0,0.99
2246,0.933333,0.912963,0.02,0.95,0.03,0.06,0.13,0.0,0.81
2247,0.910741,0.986667,0.0,1.0,0.0,0.0,0.0,0.0,1.0
2248,0.728519,0.997407,0.0,1.0,0.0,0.0,0.02,0.0,0.98
2249,0.627778,0.994444,0.0,1.0,0.0,0.0,0.71,0.0,0.29
2250,0.859259,0.990741,0.0,1.0,0.0,0.0,0.0,0.0,1.0
2251,0.788148,0.50963,0.06,0.92,0.02,0.0,0.07,0.0,0.93
2252,0.914815,0.899259,0.1,0.55,0.35,0.17,0.04,0.0,0.79
2253,0.528519,0.995556,0.0,1.0,0.0,0.0,0.0,0.0,1.0
2254,0.198889,0.992222,0.0,1.0,0.0,0.0,0.0,0.0,1.0
2255,0.914815,0.996296,0.0,1.0,0.0,0.0,0.0,0.0,1.0
2256,0.870741,0.996667,0.01,0.96,0.03,0.06,0.05,0.01,0.88
2257,0.722963,0.999259,0.01,0.99,0.0,0.0,0.02,0.0,0.98
2258,0.935556,0.222593,0.15,0.76,0.09,0.08,0.16,0.0,0.76
2259,0.862222,0.991481,0.04,0.92,0.04,0.26,0.04,0.0,0.7
2260,0.650741,0.99963,0.0,1.0,0.0,0.0,0.0,0.0,1.0
2261,0.898889,0.97037,0.02,0.97,0.01,0.02,0.91,0.0,0.07
2262,0.698148,0.974815,0.01,0.99,0.0,0.0,0.89,0.0,0.11
2263,0.853333,0.992593,0.0,1.0,0.0,0.0,0.0,0.0,1.0
2264,0.416296,0.997037,0.0,1.0,0.0,0.0,0.1,0.0,0.9
2265,0.725556,0.988148,0.0,0.99,0.01,0.0,0.05,0.0,0.95
2266,0.714815,0.932593,0.07,0.91,0.02,0.01,0.09,0.0,0.9
2267,0.801481,0.994815,0.04,0.78,0.18,0.75,0.06,0.0,0.19
2268,0.60963,0.962963,0.04,0.96,0.0,0.0,0.1,0.0,0.9
2269,0.848889,0.987037,0.01,0.17,0.82,0.86,0.06,0.0,0.08
2270,0.988148,0.034444,0.0,0.98,0.02,0.02,0.03,0.03,0.92
2271,0.887037,0.961852,0.0,1.0,0.0,0.0,0.06,0.0,0.94
2272,0.673333,0.994444,0.0,1.0,0.0,0.0,0.03,0.0,0.97
2273,0.925926,0.957778,0.0,0.96,0.04,0.1,0.07,0.0,0.83
2274,0.658889,0.998889,0.0,1.0,0.0,0.0,0.0,0.0,1.0
2275,0.887407,0.985926,0.1,0.19,0.71,0.79,0.0,0.0,0.21
2276,0.917778,0.995185,0.0,1.0,0.0,0.0,0.0,0.0,1.0
2277,0.812593,0.908519,0.0,1.0,0.0,0.0,0.01,0.0,0.99
2278,0.848148,0.364444,0.16,0.7,0.14,0.23,0.05,0.0,0.72
2279,0.875185,0.961852,0.18,0.18,0.64,0.76,0.0,0.08,0.16
2280,0.887037,0.173333,0.01,0.99,0.0,0.0,0.01,0.0,0.99
2281,0.958889,0.042222,0.0,1.0,0.0,0.0,0.0,0.0,1.0
2282,0.84963,0.994444,0.0,1.0,0.0,0.0,0.0,0.0,1.0
2283,0.785926,0.97963,0.08,0.07,0.85,0.89,0.02,0.05,0.04
2284,0.871111,0.802222,0.02,0.93,0.05,0.15,0.67,0.0,0.18
2285,0.952222,0.985556,0.1,0.88,0.02,0.02,0.96,0.0,0.02
2286,0.704444,0.978519,0.01,0.99,0.0,0.01,0.02,0.03,0.94
2287,0.811111,0.929259,0.01,0.99,0.0,0.0,0.06,0.0,0.94
2288,0.917037,0.997407,0.02,0.91,0.07,0.91,0.05,0.0,0.04
2289,0.912593,0.831852,0.02,0.89,0.09,0.05,0.79,0.0,0.16
2290,0.687037,0.815556,0.13,0.08,0.79,0.93,0.0,0.04,0.03
2291,0.925926,0.98037,0.02,0.89,0.09,0.21,0.08,0.0,0.71
2292,0.792222,0.998519,0.0,1.0,0.0,0.0,0.0,0.0,1.0
2293,0.767778,0.944444,0.66,0.1,0.24,0.62,0.02,0.12,0.24
2294,0.97,0.046667,0.99,0.01,0.0,0.01,0.98,0.0,0.01
2295,0.71963,0.950741,0.08,0.57,0.35,0.22,0.09,0.04,0.65
2296,0.910741,0.988148,0.02,0.13,0.85,0.86,0.05,0.0,0.09
2297,0.971111,0.999259,0.0,1.0,0.0,0.0,0.0,0.0,1.0
2298,0.651852,0.998519,0.0,1.0,0.0,0.0,0.0,0.0,1.0
2299,0.941111,0.976296,0.02,0.08,0.9,0.91,0.02,0.0,0.07
2300,0.751852,0.958148,0.01,0.99,0.0,0.0,0.06,0.0,0.94
2301,0.737778,0.996296,0.0,1.0,0.0,0.0,0.01,0.0,0.99
2302,0.876667,0.995556,0.0,1.0,0.0,0.0,0.02,0.0,0.98
2303,0.96037,0.997407,0.0,1.0,0.0,0.0,0.0,0.0,1.0
2304,0.811111,0.967778,0.05,0.86,0.09,0.14,0.11,0.0,0.75
2305,0.88,0.031481,0.79,0.19,0.02,0.0,0.79,0.01,0.2
2307,0.981481,0.014444,0.0,1.0,0.0,0.0,0.0,0.0,1.0
2308,0.964074,0.057778,0.0,1.0,0.0,0.0,0.0,0.0,1.0
2309,0.92037,0.997037,0.0,1.0,0.0,0.0,0.0,0.0,1.0
2310,0.844074,0.994444,0.0,1.0,0.0,0.0,0.02,0.0,0.98
2311,0.952222,0.045926,0.92,0.07,0.01,0.01,0.96,0.02,0.01
2312,0.425556,0.991481,0.0,1.0,0.0,0.0,0.05,0.0,0.95
2313,0.820741,0.998889,0.0,1.0,0.0,0.0,0.0,0.0,1.0
2314,0.9,0.878148,0.03,0.91,0.06,0.06,0.89,0.0,0.05
2315,0.194444,0.995556,0.0,1.0,0.0,0.0,0.0,0.0,1.0
2316,0.789259,1.0,0.01,0.99,0.0,0.0,0.06,0.0,0.94
2317,0.837778,0.998519,0.01,0.99,0.0,0.0,0.01,0.0,0.99
2318,0.967037,0.997037,0.0,1.0,0.0,0.0,0.0,0.0,1.0
2319,0.76,0.994444,0.01,0.99,0.0,0.0,0.0,0.0,1.0
2320,0.74,0.955926,0.11,0.28,0.61,0.23,0.03,0.05,0.69
2321,0.793333,0.999259,0.0,1.0,0.0,0.0,0.0,0.0,1.0
2322,0.825185,0.996296,0.01,0.07,0.92,0.87,0.06,0.0,0.07
2323,0.91037,0.991111,0.0,1.0,0.0,0.0,0.0,0.0,1.0
2324,0.965926,0.99963,0.0,1.0,0.0,0.0,0.0,0.0,1.0
2325,0.657037,0.952593,0.01,0.99,0.0,0.0,0.09,0.0,0.91
2326,0.87963,0.993333,0.0,1.0,0.0,0.0,0.04,0.0,0.96
2327,0.851111,0.988148,0.0,1.0,0.0,0.0,1.0,0.0,0.0
2328,0.892222,0.998889,0.0,1.0,0.0,0.0,0.0,0.01,0.99
2329,0.761111,0.777778,0.08,0.89,0.03,0.07,0.03,0.01,0.89
2330,0.906667,0.994815,0.0,1.0,0.0,0.0,0.0,0.0,1.0
2331,0.964074,0.999259,0.0,1.0,0.0,0.0,0.0,0.0,1.0
2332,0.564815,0.998889,0.0,1.0,0.0,0.0,0.03,0.0,0.97
2333,0.631481,0.999259,0.01,0.99,0.0,0.0,0.0,0.0,1.0
2334,0.84037,0.938148,0.02,0.93,0.05,0.1,0.64,0.01,0.25
2335,0.662593,0.968889,0.0,1.0,0.0,0.0,0.02,0.0,0.98
2336,0.917037,0.994815,0.0,1.0,0.0,0.0,0.0,0.0,1.0
2337,0.737778,0.251111,0.21,0.78,0.01,0.03,0.24,0.0,0.73
2338,0.803704,0.998148,0.0,1.0,0.0,0.0,0.02,0.0,0.98
2339,0.475185,0.993704,0.0,1.0,0.0,0.0,0.01,0.0,0.99
2340,0.846296,0.999259,0.0,1.0,0.0,0.0,0.0,0.0,1.0
2341,0.913704,0.993333,0.0,1.0,0.0,0.0,0.0,0.0,1.0
2342,0.857037,0.975556,0.02,0.98,0.0,0.0,0.0,0.0,1.0
2343,0.931852,0.995185,0.01,0.99,0.0,0.0,0.0,0.0,1.0
2344,0.809259,0.900741,0.04,0.81,0.15,0.63,0.07,0.02,0.28
2345,0.751852,0.968519,0.0,1.0,0.0,0.0,0.13,0.0,0.87
2346,0.949259,0.187037,0.25,0.7,0.05,0.1,0.13,0.06,0.71
2347,0.859259,0.977407,0.0,0.98,0.02,0.04,0.01,0.0,0.95
2348,0.902963,0.837407,0.01,0.95,0.04,0.08,0.73,0.02,0.17
2349,0.521481,0.994074,0.0,1.0,0.0,0.0,0.0,0.0,1.0
2350,0.925926,0.992593,0.0,1.0,0.0,0.0,0.0,0.0,1.0
2351,0.967407,0.043704,0.1,0.81,0.09,0.08,0.04,0.03,0.85
2352,0.722593,0.998148,0.0,1.0,0.0,0.0,0.01,0.0,0.99
2353,0.854444,0.998148,0.0,1.0,0.0,0.0,0.0,0.0,1.0
2354,0.858148,0.988889,0.0,0.94,0.06,0.07,0.01,0.0,0.92
2355,0.836667,0.983704,0.01,0.99,0.0,0.0,0.88,0.0,0.12
2356,0.907778,0.983704,0.0,1.0,0.0,0.0,0.0,0.0,1.0
2357,0.873704,0.991111,0.0,1.0,0.0,0.0,0.02,0.0,0.98
2358,0.956667,0.935556,0.09,0.58,0.33,0.19,0.31,0.02,0.48
2359,0.917407,0.991481,0.0,1.0,0.0,0.0,0.03,0.0,0.97
2360,0.807037,0.935556,0.01,0.99,0.0,0.0,0.95,0.0,0.05
2361,0.441111,0.950741,0.0,1.0,0.0,0.0,0.03,0.0,0.97
2362,0.771111,0.931111,0.06,0.76,0.18,0.58,0.09,0.0,0.33
2363,0.907778,0.97963,0.14,0.82,0.04,0.82,0.05,0.03,0.1
2364,0.911481,1.0,0.0,1.0,0.0,0.0,0.0,0.0,1.0
2365,0.932593,0.97963,0.0,0.98,0.02,0.05,0.0,0.01,0.94
2366,0.892222,0.995185,0.0,1.0,0.0,0.0,0.0,0.0,1.0
2367,0.987778,0.056296,0.02,0.95,0.03,0.04,0.07,0.01,0.88
2368,0.904444,0.99963,0.0,1.0,0.0,0.0,0.0,0.0,1.0
2369,0.95037,0.987778,0.0,0.97,0.03,0.06,0.79,0.0,0.15
2370,0.9,0.99963,0.0,1.0,0.0,0.0,0.0,0.0,1.0
2371,0.907778,0.997037,0.0,1.0,0.0,0.0,0.0,0.0,1.0
2372,0.792963,0.995556,0.06,0.73,0.21,0.21,0.05,0.0,0.74
2373,0.947037,0.995185,0.02,0.1,0.88,0.84,0.11,0.01,0.04
2374,0.712963,0.984074,0.05,0.95,0.0,0.0,0.1,0.0,0.9
2375,0.173333,0.999259,0.0,1.0,0.0,0.0,0.0,0.0,1.0
2376,0.721852,0.994444,0.0,1.0,0.0,0.0,0.0,0.0,1.0
2377,0.842963,0.987778,0.0,1.0,0.0,0.0,0.01,0.0,0.99
2378,0.887407,0.962963,0.0,0.99,0.01,0.03,0.0,0.0,0.97
2379,0.865556,0.926667,0.03,0.88,0.09,0.17,0.02,0.0,0.81
2380,0.912222,0.997407,0.0,1.0,0.0,0.0,0.0,0.0,1.0
2381,0.747778,0.72,0.16,0.22,0.62,0.73,0.0,0.01,0.26
2382,0.918519,0.997407,0.01,0.98,0.01,0.07,0.88,0.0,0.05
2383,0.727778,0.937407,0.06,0.94,0.0,0.02,0.1,0.01,0.87
2384,0.871481,0.997778,0.0,1.0,0.0,0.0,0.01,0.0,0.99
2385,0.66037,0.992222,0.0,1.0,0.0,0.0,0.94,0.0,0.06
2386,0.89037,0.065926,0.01,0.99,0.0,0.0,0.02,0.0,0.98
2387,0.754074,0.796296,0.04,0.16,0.8,0.84,0.0,0.08,0.08
2388,0.504074,0.997407,0.0,1.0,0.0,0.0,0.0,0.0,1.0
2389,0.902222,0.970741,0.07,0.07,0.86,0.87,0.04,0.0,0.09
2390,0.817778,0.951852,0.01,0.99,0.0,0.0,0.14,0.0,0.86
2391,0.853704,0.997778,0.0,1.0,0.0,0.0,0.0,0.0,1.0
2392,0.378889,0.995926,0.0,1.0,0.0,0.0,0.07,0.0,0.93
2393,0.938889,0.996667,0.0,1.0,0.0,0.0,0.01,0.0,0.99
2394,0.836667,0.991481,0.0,1.0,0.0,0.0,0.9,0.0,0.1
2395,0.778519,0.817407,0.14,0.6,0.26,0.62,0.21,0.01,0.16
2396,0.845185,0.984074,0.07,0.86,0.07,0.13,0.24,0.04,0.59
2397,0.717037,0.995185,0.0,1.0,0.0,0.0,0.0,0.0,1.0
2398,0.914444,0.991852,0.0,0.3,0.7,0.75,0.05,0.0,0.2
2399,0.946296,0.945556,0.8,0.12,0.08,0.03,0.0,0.03,0.94
2400,0.828519,1.0,0.0,1.0,0.0,0.0,0.0,0.0,1.0
2401,0.456296,0.986667,0.01,0.99,0.0,0.0,0.0,0.0,1.0
2402,0.990741,0.045185,0.05,0.95,0.0,0.04,0.11,0.03,0.82
2403,0.917037,0.994074,0.0,1.0,0.0,0.0,0.0,0.0,1.0
2404,0.957407,0.999259,0.0,1.0,0.0,0.0,0.0,0.0,1.0
2405,0.561852,0.995185,0.0,1.0,0.0,0.0,0.02,0.0,0.98
2406,0.966296,0.055926,0.09,0.85,0.06,0.12,0.11,0.01,0.76
2407,0.943333,0.995926,0.03,0.11,0.86,0.83,0.11,0.01,0.05
2408,0.921111,0.092593,0.06,0.84,0.1,0.15,0.0,0.02,0.83
2409,0.8,1.0,0.0,1.0,0.0,0.0,0.0,0.0,1.0
2410,0.869259,0.806667,0.15,0.2,0.65,0.75,0.13,0.03,0.09
2411,0.597407,0.928519,0.03,0.97,0.0,0.0,0.09,0.0,0.91
2412,0.726667,0.983333,0.01,0.99,0.0,0.0,0.97,0.0,0.03
2413,0.931111,0.225185,0.18,0.74,0.08,0.07,0.05,0.01,0.87
2414,0.841111,0.993704,0.02,0.89,0.09,0.16,0.07,0.01,0.76
2415,0.90037,0.951852,0.0,0.95,0.05,0.04,0.93,0.0,0.03
2416,0.187407,0.752593,0.02,0.03,0.95,0.99,0.0,0.0,0.01
2417,0.908519,0.993704,0.0,1.0,0.0,0.0,0.0,0.0,1.0
2418,0.670741,0.976667,0.0,1.0,0.0,0.0,0.0,0.0,1.0
2419,0.765556,0.999259,0.0,1.0,0.0,0.0,0.0,0.0,1.0
2420,0.903704,0.876296,0.25,0.61,0.14,0.12,0.28,0.04,0.56
2421,0.353704,0.987778,0.0,1.0,0.0,0.0,0.02,0.0,0.98
2422,0.953704,0.995926,0.0,1.0,0.0,0.0,0.0,0.0,1.0
2423,0.873333,0.99037,0.06,0.19,0.75,0.84,0.07,0.01,0.08
2424,0.718148,0.99963,0.02,0.98,0.0,0.0,0.07,0.0,0.93
2425,0.749259,0.955185,0.13,0.09,0.78,0.79,0.06,0.0,0.15
2426,0.673704,0.937407,0.13,0.57,0.3,0.28,0.02,0.0,0.7
2427,0.878148,0.278519,0.04,0.94,0.02,0.0,0.81,0.0,0.19
2429,0.862963,0.841852,0.02,0.94,0.04,0.06,0.62,0.03,0.29
2430,0.667037,0.932593,0.34,0.43,0.23,0.29,0.01,0.03,0.67
2431,0.797407,0.998148,0.01,0.99,0.0,0.0,0.05,0.0,0.95
2432,0.716667,0.997407,0.0,1.0,0.0,0.0,0.0,0.0,1.0
2433,0.833704,1.0,0.0,1.0,0.0,0.0,0.0,0.0,1.0
2434,0.912222,0.992222,0.01,0.99,0.0,0.0,0.02,0.0,0.98
2435,0.593333,0.965926,0.01,0.99,0.0,0.0,0.03,0.0,0.97
2436,0.755926,0.171481,0.03,0.97,0.0,0.0,0.01,0.0,0.99
2437,0.573704,0.97037,0.0,1.0,0.0,0.0,0.01,0.0,0.99
2438,0.845185,0.143704,0.31,0.55,0.14,0.15,0.56,0.15,0.14
2439,0.806667,0.998148,0.0,1.0,0.0,0.0,0.01,0.0,0.99
2440,0.937778,0.987407,0.0,1.0,0.0,0.0,0.0,0.0,1.0
2441,0.731852,0.882222,0.14,0.62,0.24,0.58,0.13,0.11,0.18
2442,0.918148,0.993704,0.0,1.0,0.0,0.0,0.0,0.0,1.0
2443,0.844815,0.963333,0.04,0.81,0.15,0.1,0.01,0.0,0.89
2444,0.796667,0.592593,0.1,0.9,0.0,0.0,0.24,0.0,0.76
2445,0.773704,0.988519,0.0,1.0,0.0,0.0,0.04,0.0,0.96
2446,0.287407,0.992963,0.0,1.0,0.0,0.0,0.0,0.0,1.0
2447,0.869259,0.222222,0.18,0.74,0.08,0.12,0.02,0.04,0.82
2448,0.922222,0.993333,0.03,0.1,0.87,0.87,0.07,0.01,0.05
2449,0.966296,0.980741,0.06,0.83,0.11,0.25,0.66,0.0,0.09
2450,0.828889,0.991852,0.02,0.98,0.0,0.0,0.89,0.0,0.11
2451,0.871852,0.988889,0.03,0.91,0.06,0.07,0.06,0.02,0.85
2452,0.864074,0.971481,0.0,1.0,0.0,0.0,0.07,0.0,0.93
2453,0.805185,0.844815,0.06,0.05,0.89,0.92,0.01,0.04,0.03
2454,0.87,0.932222,0.05,0.86,0.09,0.68,0.07,0.0,0.25
2455,0.689259,0.997407,0.0,1.0,0.0,0.0,0.0,0.0,1.0
2456,0.903333,0.997407,0.01,0.99,0.0,0.0,0.01,0.0,0.99
2457,0.876296,0.997778,0.0,1.0,0.0,0.0,0.0,0.0,1.0
2458,0.705185,0.991111,0.01,0.99,0.0,0.0,0.98,0.0,0.02
2459,0.914444,0.212963,0.14,0.82,0.04,0.1,0.03,0.08,0.79
2460,0.912593,0.035185,0.76,0.24,0.0,0.0,0.77,0.01,0.22
2461,0.854815,0.99963,0.0,1.0,0.0,0.0,0.0,0.0,1.0
2462,0.896296,0.997037,0.0,1.0,0.0,0.0,0.0,0.0,1.0
2463,0.923333,0.065926,0.06,0.92,0.02,0.02,0.04,0.0,0.94
2464,0.910741,0.241852,0.1,0.82,0.08,0.12,0.74,0.04,0.1
2465,0.951852,0.972593,0.83,0.08,0.09,0.05,0.01,0.04,0.9
2466,0.710741,0.974815,0.13,0.24,0.63,0.31,0.03,0.01,0.65
2467,0.898519,0.938519,0.09,0.13,0.78,0.83,0.04,0.01,0.12
2468,0.92,0.999259,0.0,1.0,0.0,0.0,0.0,0.0,1.0
2469,0.898519,0.981852,0.08,0.77,0.15,0.18,0.06,0.03,0.73
2470,0.936667,0.998519,0.0,1.0,0.0,0.0,0.0,0.0,1.0
2471,0.835185,0.852963,0.09,0.15,0.76,0.76,0.03,0.02,0.19
2472,0.865185,0.997407,0.0,1.0,0.0,0.0,0.0,0.0,1.0
2473,0.845185,0.955926,0.0,0.91,0.09,0.08,0.0,0.0,0.92
2474,0.617407,0.94963,0.01,0.99,0.0,0.0,0.05,0.0,0.95
2475,0.902593,0.997778,0.0,1.0,0.0,0.0,0.0,0.0,1.0
2476,0.936667,0.933704,0.01,0.99,0.0,0.0,0.02,0.0,0.98
2477,0.97963,0.997037,0.0,0.08,0.92,0.88,0.04,0.0,0.08
2478,0.838519,0.99963,0.0,1.0,0.0,0.0,0.0,0.0,1.0
2479,0.183333,0.983333,0.0,1.0,0.0,0.0,0.0,0.0,1.0
2480,0.96037,0.99,0.02,0.95,0.03,0.09,0.03,0.03,0.85
2481,0.950741,0.967778,0.02,0.94,0.04,0.07,0.86,0.01,0.06
2482,0.937407,0.094074,0.04,0.95,0.01,0.0,0.0,0.01,0.99
2483,0.82037,1.0,0.01,0.99,0.0,0.0,0.1,0.0,0.9
2484,0.828889,0.999259,0.0,1.0,0.0,0.0,0.0,0.0,1.0
2485,0.981852,0.086296,0.11,0.86,0.03,0.13,0.17,0.01,0.69
2486,0.944444,0.065926,0.03,0.97,0.0,0.0,0.01,0.0,0.99
2487,0.885926,0.16963,0.03,0.97,0.0,0.0,0.01,0.0,0.99
2488,0.94037,0.998519,0.0,1.0,0.0,0.0,0.0,0.0,1.0
2489,0.627407,0.998889,0.0,1.0,0.0,0.0,0.01,0.0,0.99
2490,0.764444,0.99963,0.02,0.98,0.0,0.0,0.05,0.0,0.95
2491,0.91037,0.841111,0.02,0.96,0.02,0.13,0.74,0.02,0.11
2492,0.849259,0.987778,0.02,0.15,0.83,0.86,0.09,0.0,0.05
2493,0.922593,0.980741,0.07,0.75,0.18,0.73,0.11,0.0,0.16
2494,0.871481,0.977407,0.0,0.98,0.02,0.04,0.01,0.0,0.95
2495,0.635556,0.997037,0.01,0.99,0.0,0.0,0.0,0.0,1.0
2496,0.980741,0.03963,0.05,0.95,0.0,0.0,0.03,0.0,0.97
2497,0.943704,0.987778,0.03,0.95,0.02,0.03,0.01,0.0,0.96
2498,0.966296,0.99963,0.0,1.0,0.0,0.0,0.0,0.0,1.0
2499,0.803333,0.104815,0.0,1.0,0.0,0.0,0.0,0.0,1.0
2500,0.905185,0.997407,0.0,1.0,0.0,0.0,0.0,0.0,1.0
2501,0.614815,0.998889,0.0,1.0,0.0,0.0,0.0,0.0,1.0
2502,0.511481,0.967778,0.0,1.0,0.0,0.0,0.0,0.0,1.0
2503,0.802593,0.937037,0.66,0.14,0.2,0.12,0.0,0.09,0.79
2504,0.901852,0.997037,0.01,0.99,0.0,0.0,0.01,0.0,0.99
2505,0.91037,0.99,0.0,1.0,0.0,0.0,0.01,0.0,0.99
2506,0.921481,0.057778,0.02,0.98,0.0,0.0,0.01,0.0,0.99
2507,0.849259,0.970741,0.08,0.11,0.81,0.85,0.0,0.04,0.11
2508,0.829259,0.862963,0.02,0.89,0.09,0.12,0.02,0.01,0.85
2509,0.481111,0.978148,0.0,1.0,0.0,0.0,0.0,0.0,1.0
2510,0.924444,0.988148,0.02,0.93,0.05,0.03,0.01,0.0,0.96
2511,0.341852,0.995556,0.0,1.0,0.0,0.0,0.0,0.0,1.0
2512,0.685556,0.999259,0.01,0.99,0.0,0.0,0.04,0.0,0.96
2513,0.892963,0.992963,0.0,1.0,0.0,0.0,0.0,0.0,1.0
2514,0.890741,0.987778,0.12,0.11,0.77,0.75,0.01,0.03,0.21
2515,0.956667,0.779259,0.02,0.91,0.07,0.07,0.15,0.0,0.78
2516,0.902963,0.96,0.01,0.88,0.11,0.81,0.04,0.01,0.14
2517,0.937778,0.998148,0.0,1.0,0.0,0.0,0.0,0.0,1.0
2518,0.795556,0.982593,0.04,0.92,0.04,0.13,0.65,0.01,0.21
2519,0.954074,0.995556,0.07,0.7,0.23,0.85,0.09,0.0,0.06
2520,0.62037,0.995185,0.01,0.99,0.0,0.0,0.03,0.0,0.97
2521,0.697407,0.901481,0.03,0.97,0.0,0.0,0.19,0.0,0.81
2522,0.915556,0.044074,0.02,0.98,0.0,0.0,0.04,0.0,0.96
2523,0.902963,0.876296,0.02,0.98,0.0,0.0,0.08,0.01,0.91
2524,0.94963,0.995185,0.0,0.97,0.03,0.03,0.03,0.01,0.93
2525,0.90037,0.993704,0.0,1.0,0.0,0.0,0.0,0.0,1.0
2526,0.96963,0.999259,0.01,0.99,0.0,0.0,0.01,0.0,0.99
2527,0.715185,0.940741,0.13,0.19,0.68,0.19,0.11,0.07,0.63
2528,0.922593,0.994444,0.03,0.88,0.09,0.89,0.03,0.0,0.08
2529,0.734074,0.962222,0.18,0.27,0.55,0.18,0.14,0.01,0.67
2530,0.746296,0.997037,0.0,1.0,0.0,0.0,0.13,0.0,0.87
2531,0.91037,0.982963,0.02,0.87,0.11,0.13,0.85,0.0,0.02
2532,0.941481,0.998889,0.0,1.0,0.0,0.0,0.0,0.0,1.0
2533,0.951852,0.99963,0.0,1.0,0.0,0.0,0.0,0.0,1.0
2534,0.817778,0.978148,0.76,0.1,0.14,0.63,0.01,0.05,0.31
2535,0.888889,0.999259,0.0,1.0,0.0,0.0,0.0,0.0,1.0
2536,0.853704,0.924815,0.07,0.92,0.01,0.0,0.08,0.0,0.92
2537,0.865185,0.207407,0.05,0.94,0.01,0.0,0.94,0.0,0.06
2538,0.925926,0.979259,0.04,0.11,0.85,0.86,0.05,0.0,0.09
2539,0.885556,0.037407,0.9,0.1,0.0,0.0,0.89,0.0,0.11
2540,0.704444,0.994444,0.0,1.0,0.0,0.0,0.01,0.0,0.99
2541,0.922222,0.994074,0.0,1.0,0.0,0.0,0.0,0.0,1.0
2542,0.841111,0.961111,0.0,1.0,0.0,0.0,0.0,0.0,1.0
2543,0.757037,0.928889,0.04,0.95,0.01,0.02,0.23,0.0,0.75
2544,0.981481,0.024815,0.01,0.99,0.0,0.0,0.0,0.0,1.0
2545,0.825185,0.865185,0.1,0.17,0.73,0.79,0.01,0.06,0.14
2546,0.608148,0.993333,0.0,1.0,0.0,0.0,0.96,0.0,0.04
2547,0.687778,0.991481,0.0,1.0,0.0,0.0,0.02,0.0,0.98
2548,0.55037,0.983704,0.0,1.0,0.0,0.0,0.05,0.01,0.94
2549,0.941111,0.023333,0.97,0.02,0.01,0.02,0.96,0.01,0.01
2550,0.871481,0.955185,0.13,0.11,0.76,0.88,0.0,0.06,0.06
2551,0.966296,0.065926,0.08,0.88,0.04,0.07,0.14,0.0,0.79
2552,0.937778,0.98963,0.03,0.11,0.86,0.91,0.02,0.02,0.05
2553,0.873333,0.988889,0.0,1.0,0.0,0.0,0.01,0.0,0.99
2554,0.397407,0.992593,0.0,1.0,0.0,0.0,0.03,0.0,0.97
2555,0.898148,0.988519,0.0,0.12,0.88,0.83,0.05,0.01,0.11
2556,0.618148,0.705926,0.1,0.79,0.11,0.54,0.13,0.08,0.25
2557,0.948519,0.967037,0.04,0.94,0.02,0.03,0.9,0.0,0.07
2558,0.522593,0.886296,0.08,0.14,0.78,0.81,0.02,0.01,0.16
2559,0.735556,0.977778,0.19,0.26,0.55,0.34,0.03,0.01,0.62
2560,0.798889,0.996296,0.01,0.88,0.11,0.14,0.07,0.0,0.79
2561,0.834444,0.852963,0.13,0.2,0.67,0.67,0.16,0.01,0.16
2562,0.967407,0.054444,0.11,0.84,0.05,0.15,0.08,0.0,0.77
2563,0.682222,0.99037,0.0,1.0,0.0,0.0,0.01,0.0,0.99
2564,0.897407,0.996667,0.0,1.0,0.0,0.0,0.0,0.0,1.0
2565,0.884815,0.948889,0.12,0.81,0.07,0.8,0.0,0.06,0.14
2566,0.78963,0.987407,0.08,0.63,0.29,0.16,0.02,0.03,0.79
2567,0.455556,0.998889,0.0,1.0,0.0,0.0,0.0,0.0,1.0
2568,0.945556,0.99963,0.0,1.0,0.0,0.0,0.01,0.0,0.99
2569,0.932222,0.995185,0.02,0.1,0.88,0.95,0.03,0.0,0.02
2570,0.941481,0.997407,0.0,1.0,0.0,0.0,0.0,0.0,1.0
2571,0.758148,0.991852,0.0,1.0,0.0,0.0,0.0,0.0,1.0
2572,0.973704,0.057778,0.0,1.0,0.0,0.0,0.0,0.0,1.0
2573,0.412963,0.977037,0.03,0.97,0.0,0.0,0.02,0.0,0.98
2574,0.413333,0.853333,0.02,0.01,0.97,0.98,0.0,0.0,0.02
2575,0.762963,0.99963,0.0,1.0,0.0,0.0,0.0,0.0,1.0
2576,0.793333,0.882222,0.02,0.97,0.01,0.0,0.01,0.0,0.99
2577,0.423333,0.812222,0.06,0.04,0.9,0.93,0.0,0.03,0.04
2578,0.310741,0.998148,0.0,1.0,0.0,0.0,0.08,0.0,0.92
2579,0.861852,0.976667,0.12,0.11,0.77,0.9,0.0,0.01,0.09
2580,0.599259,0.977407,0.0,1.0,0.0,0.0,0.02,0.0,0.98
2581,0.661111,0.998148,0.0,1.0,0.0,0.0,0.0,0.0,1.0
2582,0.799259,0.998519,0.0,1.0,0.0,0.0,0.0,0.0,1.0
2583,0.869259,0.192593,0.01,0.99,0.0,0.0,0.01,0.0,0.99
2584,0.890741,0.182593,0.75,0.24,0.01,0.04,0.72,0.09,0.15
2585,0.811852,0.987037,0.01,0.98,0.01,0.0,0.02,0.0,0.98
2586,0.895185,0.994074,0.0,1.0,0.0,0.0,0.0,0.0,1.0
2587,0.48,0.994815,0.0,1.0,0.0,0.0,0.05,0.0,0.95
2588,0.52037,0.999259,0.0,1.0,0.0,0.0,0.03,0.0,0.97
2589,0.89963,0.966667,0.15,0.17,0.68,0.79,0.05,0.0,0.16
2590,0.835185,0.95,0.02,0.94,0.04,0.03,0.94,0.0,0.03
2591,0.891481,0.998148,0.0,1.0,0.0,0.0,0.0,0.0,1.0
2592,0.958889,0.065926,0.04,0.89,0.07,0.14,0.06,0.0,0.8
2593,0.872222,0.978148,0.07,0.8,0.13,0.13,0.14,0.01,0.72
2594,0.887407,0.983704,0.72,0.16,0.12,0.13,0.07,0.06,0.74
2595,0.935926,0.975926,0.01,0.99,0.0,0.0,0.03,0.0,0.97
2596,0.822222,0.994074,0.0,1.0,0.0,0.0,0.98,0.0,0.02
2597,0.970741,0.078889,0.09,0.86,0.05,0.11,0.14,0.0,0.75
2598,0.768519,0.98,0.1,0.82,0.08,0.65,0.18,0.01,0.16
2599,0.797407,0.612222,0.07,0.91,0.02,0.0,0.33,0.0,0.67
2600,0.924815,0.181481,0.12,0.81,0.07,0.12,0.1,0.01,0.77
2601,0.391852,0.994815,0.01,0.99,0.0,0.0,0.01,0.0,0.99
2602,0.698519,0.99963,0.0,1.0,0.0,0.01,0.04,0.0,0.95
2603,0.966667,0.092963,0.01,0.99,0.0,0.02,0.03,0.0,0.95
2604,0.902593,0.979259,0.04,0.85,0.11,0.8,0.13,0.0,0.07
2605,0.936667,0.749259,0.02,0.91,0.07,0.05,0.03,0.0,0.92
2606,0.593704,0.993704,0.0,1.0,0.0,0.0,0.02,0.0,0.98
2607,0.864074,0.141481,0.1,0.83,0.07,0.11,0.04,0.02,0.83
2608,0.906667,0.092593,0.03,0.97,0.0,0.0,0.0,0.0,1.0
2609,0.881852,0.994444,0.0,1.0,0.0,0.0,0.0,0.0,1.0
2610,0.906296,0.851481,0.03,0.91,0.06,0.09,0.8,0.02,0.09
2611,0.823704,0.385926,0.04,0.96,0.0,0.0,0.01,0.0,0.99
2612,0.934074,0.979259,0.0,1.0,0.0,0.0,0.01,0.0,0.99
2613,0.861852,0.185185,0.03,0.97,0.0,0.0,0.01,0.0,0.99
2614,0.758519,0.823333,0.08,0.68,0.24,0.72,0.09,0.05,0.14
2615,0.958519,0.998889,0.0,1.0,0.0,0.0,0.0,0.0,1.0
2616,0.83037,0.979259,0.0,1.0,0.0,0.0,0.0,0.0,1.0
2617,0.657778,0.976667,0.15,0.28,0.57,0.33,0.0,0.04,0.63
2618,0.521481,0.984815,0.0,1.0,0.0,0.0,0.05,0.0,0.95
2619,0.925185,0.993704,0.02,0.94,0.04,0.13,0.05,0.0,0.82
2620,0.841111,0.982593,0.1,0.16,0.74,0.84,0.0,0.07,0.09
2621,0.589259,0.985556,0.0,1.0,0.0,0.0,0.11,0.0,0.89
2622,0.541111,0.955926,0.0,1.0,0.0,0.0,0.01,0.0,0.99
2623,0.381111,0.992593,0.0,1.0,0.0,0.0,0.0,0.0,1.0
2624,0.617407,0.994815,0.02,0.98,0.0,0.0,0.95,0.0,0.05
2625,0.794074,0.991111,0.09,0.08,0.83,0.86,0.0,0.02,0.12
2626,0.502963,0.994074,0.0,1.0,0.0,0.0,0.02,0.0,0.98
2627,0.794815,0.997037,0.02,0.98,0.0,0.0,0.02,0.0,0.98
2628,0.885556,0.873333,0.07,0.91,0.02,0.01,0.15,0.0,0.84
2629,0.868519,0.97,0.14,0.2,0.66,0.72,0.03,0.04,0.21
2630,0.945185,0.994444,0.0,1.0,0.0,0.0,0.0,0.0,1.0
2631,0.914074,0.977407,0.0,1.0,0.0,0.0,0.0,0.0,1.0
2632,0.775185,0.927407,0.05,0.81,0.14,0.6,0.17,0.0,0.23
2633,0.584815,0.997778,0.0,1.0,0.0,0.0,0.02,0.0,0.98
2634,0.736667,0.995926,0.01,0.99,0.0,0.0,0.05,0.0,0.95
2635,0.820741,0.997037,0.0,1.0,0.0,0.0,0.0,0.0,1.0
2636,0.958519,0.998519,0.03,0.97,0.0,0.0,0.02,0.0,0.98
2637,0.912963,0.045556,0.8,0.2,0.0,0.0,0.73,0.0,0.27
2638,0.44,0.99963,0.0,1.0,0.0,0.0,0.04,0.0,0.96
2639,0.918889,0.999259,0.0,1.0,0.0,0.0,0.0,0.0,1.0
2640,0.96037,0.998148,0.01,0.91,0.08,0.83,0.12,0.0,0.05
2641,0.616296,0.929259,0.16,0.51,0.33,0.32,0.02,0.02,0.64
2642,0.955185,0.983704,0.04,0.94,0.02,0.01,0.97,0.0,0.02
2643,0.771481,0.982222,0.01,0.99,0.0,0.0,0.04,0.0,0.96
2644,0.605926,0.995556,0.01,0.99,0.0,0.0,0.18,0.0,0.82
2645,0.788148,0.987778,0.01,0.99,0.0,0.0,0.07,0.0,0.93
2646,0.896667,0.996667,0.0,1.0,0.0,0.0,0.0,0.0,1.0
2647,0.937037,0.958519,0.07,0.19,0.74,0.73,0.16,0.01,0.1
2648,0.832593,0.985556,0.02,0.89,0.09,0.2,0.65,0.02,0.13
2649,0.94,0.991111,0.01,0.98,0.01,0.0,0.03,0.0,0.97
2650,0.956296,0.178148,0.09,0.87,0.04,0.07,0.22,0.06,0.65
2651,0.888889,0.99963,0.0,1.0,0.0,0.0,0.0,0.0,1.0
2652,0.633704,0.951481,0.01,0.99,0.0,0.0,0.98,0.0,0.02
2653,0.901852,0.980741,0.0,1.0,0.0,0.0,0.0,0.0,1.0
2654,0.884815,0.95037,0.03,0.97,0.0,0.0,0.18,0.0,0.82
2655,0.864444,0.994074,0.0,1.0,0.0,0.0,0.0,0.0,1.0
2656,0.948148,0.997407,0.0,1.0,0.0,0.0,0.0,0.0,1.0
2657,0.543704,0.968148,0.02,0.98,0.0,0.0,0.04,0.0,0.96
2658,0.935926,0.08,0.01,0.96,0.03,0.05,0.0,0.0,0.95
2659,0.906296,0.869259,0.01,0.93,0.06,0.04,0.89,0.0,0.07
2660,0.905926,0.98963,0.02,0.87,0.11,0.14,0.13,0.0,0.73
2661,0.931481,0.988519,0.04,0.11,0.85,0.96,0.0,0.0,0.04
2662,0.696667,0.999259,0.0,1.0,0.0,0.0,0.0,0.0,1.0
2663,0.90037,0.986296,0.06,0.84,0.1,0.14,0.15,0.02,0.69
2664,0.600741,0.977778,0.0,1.0,0.0,0.0,0.03,0.0,0.97
2665,0.780741,0.92963,0.11,0.71,0.18,0.65,0.1,0.01,0.24
2666,0.949259,0.99037,0.02,0.95,0.03,0.11,0.88,0.0,0.01
2667,0.870741,0.992222,0.01,0.98,0.01,0.02,0.0,0.01,0.97
2668,0.90037,1.0,0.0,1.0,0.0,0.0,0.01,0.0,0.99
2669,0.914074,0.79,0.1,0.76,0.14,0.2,0.04,0.02,0.74
2670,0.84963,0.998889,0.0,1.0,0.0,0.0,0.01,0.0,0.99
2671,0.844074,0.997778,0.0,1.0,0.0,0.0,0.01,0.0,0.99
2672,0.91,0.97963,0.09,0.72,0.19,0.12,0.01,0.01,0.86
2673,0.825185,0.998519,0.0,1.0,0.0,0.0,0.0,0.0,1.0
2674,0.88,0.038519,0.05,0.95,0.0,0.0,0.08,0.0,0.92
2675,0.728519,0.974815,0.0,1.0,0.0,0.0,0.0,0.0,1.0
2676,0.904444,0.994815,0.0,1.0,0.0,0.0,0.0,0.0,1.0
2677,0.964074,0.06,0.1,0.86,0.04,0.1,0.09,0.0,0.81
2678,0.692963,0.758889,0.08,0.12,0.8,0.88,0.01,0.01,0.1
2679,0.217037,0.99,0.0,1.0,0.0,0.0,0.01,0.0,0.99
2680,0.827778,0.942222,0.03,0.9,0.07,0.06,0.01,0.0,0.93
2681,0.870741,0.978519,0.1,0.65,0.25,0.16,0.04,0.01,0.79
2682,0.877407,0.978148,0.02,0.89,0.09,0.09,0.21,0.04,0.66
2683,0.917778,0.882593,0.14,0.63,0.23,0.2,0.17,0.01,0.62
2684,0.888519,0.981852,0.02,0.15,0.83,0.84,0.12,0.0,0.04
2685,0.934815,0.996296,0.0,1.0,0.0,0.0,0.0,0.0,1.0
2686,0.921111,0.995926,0.01,0.98,0.01,0.0,0.94,0.0,0.06
2687,0.822593,0.94,0.06,0.71,0.23,0.59,0.14,0.01,0.26
2688,0.965926,0.99037,0.04,0.84,0.12,0.93,0.06,0.0,0.01
2689,0.517407,0.997407,0.0,1.0,0.0,0.0,0.0,0.0,1.0
2690,0.927037,0.144074,0.84,0.13,0.03,0.13,0.06,0.08,0.73
2691,0.425556,0.995556,0.0,1.0,0.0,0.0,0.02,0.0,0.98
2692,0.934074,0.949259,0.01,0.99,0.0,0.0,0.01,0.0,0.99
2693,0.972963,0.068148,0.05,0.92,0.03,0.0,0.07,0.01,0.92
2694,0.812963,0.99963,0.02,0.98,0.0,0.01,0.01,0.0,0.98
2695,0.747407,0.845185,0.15,0.23,0.62,0.65,0.11,0.02,0.22
2696,0.927407,0.995926,0.0,1.0,0.0,0.0,0.0,0.0,1.0
2697,0.788519,0.967407,0.09,0.12,0.79,0.84,0.01,0.03,0.12
2698,0.872963,0.991481,0.02,0.09,0.89,0.9,0.05,0.0,0.05
2699,0.921111,0.781111,0.22,0.68,0.1,0.12,0.07,0.02,0.79
2700,0.884444,0.994444,0.02,0.94,0.04,0.04,0.02,0.0,0.94
2701,0.902593,0.99037,0.0,1.0,0.0,0.0,0.03,0.0,0.97
2702,0.826296,0.948889,0.01,0.99,0.0,0.0,0.04,0.0,0.96
2704,0.907778,0.063333,0.02,0.98,0.0,0.0,0.03,0.0,0.97
2705,0.984444,0.04037,0.06,0.93,0.01,0.0,0.02,0.0,0.98
2706,0.890741,0.154444,0.0,1.0,0.0,0.0,0.0,0.0,1.0
2707,0.907407,0.066296,0.0,1.0,0.0,0.0,0.01,0.0,0.99
2708,0.897037,0.992963,0.06,0.88,0.06,0.09,0.05,0.0,0.86
2709,0.916667,0.98037,0.04,0.96,0.0,0.01,0.06,0.0,0.93
2710,0.371111,0.997407,0.0,1.0,0.0,0.0,0.02,0.0,0.98
2711,0.623333,0.997407,0.01,0.99,0.0,0.0,0.18,0.0,0.82
2712,0.974444,0.054815,0.01,0.99,0.0,0.0,0.01,0.0,0.99
2713,0.252222,0.984444,0.0,1.0,0.0,0.0,0.0,0.0,1.0
2714,0.892963,0.97037,0.03,0.86,0.11,0.07,0.03,0.01,0.89
2715,0.378889,1.0,0.0,1.0,0.0,0.0,0.0,0.0,1.0
2716,0.961852,0.992593,0.0,1.0,0.0,0.0,0.0,0.0,1.0
2717,0.816667,0.987778,0.02,0.05,0.93,0.95,0.02,0.0,0.03
2718,0.94963,0.058889,0.21,0.74,0.05,0.19,0.03,0.0,0.78
2719,0.69,0.997778,0.0,1.0,0.0,0.0,0.01,0.0,0.99
2720,0.892222,0.998148,0.0,1.0,0.0,0.0,0.0,0.0,1.0
2721,0.86963,0.933333,0.07,0.93,0.0,0.02,0.07,0.0,0.91
2722,0.626667,0.998889,0.0,1.0,0.0,0.0,0.0,0.0,1.0
2723,0.840741,0.98037,0.01,0.14,0.85,0.88,0.05,0.0,0.07
2724,0.795556,0.970741,0.08,0.15,0.77,0.9,0.0,0.04,0.06
2725,0.272222,0.663704,0.06,0.05,0.89,0.92,0.01,0.02,0.05
2726,0.902963,0.867037,0.06,0.94,0.0,0.0,0.06,0.0,0.94
2727,0.707778,0.997778,0.0,1.0,0.0,0.0,0.0,0.01,0.99
2729,0.92,0.998889,0.0,1.0,0.0,0.0,0.0,0.0,1.0
2730,0.807037,0.979259,0.02,0.86,0.12,0.22,0.02,0.0,0.76
2731,0.841852,0.987407,0.01,0.99,0.0,0.0,0.9,0.0,0.1
2732,0.901481,0.961481,0.01,0.96,0.03,0.16,0.03,0.0,0.81
2733,0.911481,0.222222,0.16,0.78,0.06,0.03,0.05,0.0,0.92
2734,0.78963,1.0,0.0,1.0,0.0,0.0,0.05,0.0,0.95
2735,0.91037,0.997407,0.0,1.0,0.0,0.0,0.0,0.0,1.0
2736,0.522593,0.99963,0.0,1.0,0.0,0.0,0.01,0.0,0.99
2737,0.762963,0.996667,0.0,0.99,0.01,0.01,0.07,0.0,0.92
2738,0.911852,0.18,0.0,1.0,0.0,0.0,0.01,0.0,0.99
2739,0.819259,0.999259,0.0,1.0,0.0,0.0,0.05,0.0,0.95
2740,0.691481,0.867037,0.0,0.99,0.01,0.0,0.09,0.0,0.91
2741,0.700741,0.992222,0.02,0.98,0.0,0.0,0.93,0.0,0.07
2742,0.957037,0.043704,0.01,0.99,0.0,0.0,0.0,0.0,1.0
2743,0.901481,0.058889,0.01,0.99,0.0,0.0,0.01,0.0,0.99
2744,0.861111,0.988889,0.01,0.12,0.87,0.88,0.05,0.0,0.07
2745,0.711111,0.986296,0.0,1.0,0.0,0.0,0.04,0.0,0.96
2746,0.886667,0.985926,0.01,0.93,0.06,0.15,0.62,0.01,0.22
2747,0.343333,0.981481,0.02,0.98,0.0,0.0,0.08,0.0,0.92
2748,0.77037,0.843704,0.2,0.22,0.58,0.62,0.18,0.04,0.16
2749,0.961481,0.056296,0.14,0.81,0.05,0.05,0.11,0.0,0.84
2750,0.828889,0.990741,0.0,0.96,0.04,0.07,0.02,0.01,0.9
2751,0.778148,0.995556,0.0,1.0,0.0,0.0,0.01,0.0,0.99
2752,0.912222,0.995185,0.0,1.0,0.0,0.0,0.0,0.0,1.0
2753,0.851481,0.998519,0.0,1.0,0.0,0.0,0.0,0.0,1.0
2754,0.657407,0.988519,0.02,0.98,0.0,0.0,0.05,0.0,0.95
2755,0.915556,0.874074,0.01,0.96,0.03,0.04,0.77,0.01,0.18
2756,0.470741,0.997778,0.0,1.0,0.0,0.0,0.0,0.0,1.0
2757,0.622593,0.991111,0.0,1.0,0.0,0.0,0.19,0.0,0.81
2758,0.805926,0.99963,0.0,1.0,0.0,0.0,0.0,0.0,1.0
2759,0.84037,0.965926,0.0,1.0,0.0,0.0,0.0,0.0,1.0
2760,0.961111,0.06963,0.04,0.8,0.16,0.08,0.04,0.01,0.87
2762,0.98,0.058519,0.08,0.88,0.04,0.11,0.04,0.01,0.84
2763,0.883704,0.99037,0.01,0.99,0.0,0.0,0.01,0.0,0.99
2764,0.915556,0.961481,0.11,0.19,0.7,0.77,0.1,0.0,0.13
2765,0.877778,0.976667,0.01,0.98,0.01,0.08,0.02,0.01,0.89
2766,0.758889,0.955556,0.05,0.86,0.09,0.69,0.23,0.0,0.08
2767,0.408889,0.971852,0.0,1.0,0.0,0.0,0.02,0.0,0.98
2768,0.938889,0.996667,0.04,0.17,0.79,0.89,0.08,0.0,0.03
2769,0.865556,0.996296,0.0,1.0,0.0,0.0,0.0,0.0,1.0
2770,0.94037,0.113333,0.01,0.95,0.04,0.03,0.06,0.0,0.91
2771,0.868889,0.977037,0.01,0.98,0.01,0.01,0.12,0.0,0.87
2772,0.885556,0.97963,0.05,0.77,0.18,0.74,0.0,0.11,0.15
2773,0.92963,0.985185,0.07,0.09,0.84,0.93,0.04,0.0,0.03
2774,0.892222,0.991852,0.0,1.0,0.0,0.0,0.01,0.0,0.99
2775,0.758889,0.997037,0.0,1.0,0.0,0.0,0.0,0.0,1.0
2776,0.96963,0.03963,0.0,1.0,0.0,0.0,0.0,0.0,1.0
2777,0.938889,0.98037,0.01,0.97,0.02,0.01,0.02,0.0,0.97
2778,0.734815,0.972222,0.04,0.96,0.0,0.0,0.02,0.02,0.96
2779,0.164815,0.982963,0.0,1.0,0.0,0.0,0.02,0.0,0.98
2780,0.867037,0.967778,0.02,0.91,0.07,0.61,0.23,0.0,0.16
2781,0.915185,0.986667,0.01,0.99,0.0,0.0,0.06,0.0,0.94
2782,0.806667,0.914815,0.09,0.83,0.08,0.01,0.0,0.01,0.98
2783,0.720741,0.991852,0.01,0.99,0.0,0.0,0.02,0.0,0.98
2784,0.878148,0.997778,0.0,1.0,0.0,0.0,0.0,0.0,1.0
2785,0.917407,1.0,0.0,1.0,0.0,0.0,0.01,0.0,0.99
2786,0.839259,0.982963,0.04,0.07,0.89,0.81,0.09,0.0,0.1
2787,0.93037,0.08963,0.0,1.0,0.0,0.0,0.0,0.0,1.0
2788,0.917037,0.991111,0.0,1.0,0.0,0.0,0.01,0.0,0.99
2789,0.914444,0.049259,0.8,0.2,0.0,0.0,0.79,0.01,0.2
2790,0.69963,0.996296,0.0,1.0,0.0,0.0,0.0,0.01,0.99
2791,0.66037,0.983704,0.0,1.0,0.0,0.0,0.02,0.0,0.98
2792,0.932963,0.995185,0.0,1.0,0.0,0.0,0.0,0.0,1.0
2793,0.772222,1.0,0.01,0.99,0.0,0.0,0.03,0.0,0.97
2794,0.926667,0.987407,0.0,1.0,0.0,0.0,0.0,0.0,1.0
2795,0.937778,0.176667,0.11,0.79,0.1,0.07,0.04,0.03,0.86
2796,0.391481,0.999259,0.0,1.0,0.0,0.0,0.03,0.0,0.97
2797,0.817778,0.981481,0.0,1.0,0.0,0.0,0.01,0.0,0.99
2798,0.833704,0.935926,0.04,0.88,0.08,0.75,0.08,0.0,0.17
2799,0.735556,0.97037,0.12,0.34,0.54,0.26,0.06,0.02,0.66
2800,0.393704,0.997407,0.0,1.0,0.0,0.0,0.05,0.0,0.95
2801,0.954815,0.998519,0.01,0.99,0.0,0.0,0.0,0.0,1.0
2802,0.953704,0.047407,0.01,0.99,0.0,0.0,0.0,0.0,1.0
2803,0.742593,0.962593,0.64,0.14,0.22,0.66,0.05,0.02,0.27
2805,0.428889,0.993333,0.0,1.0,0.0,0.0,0.02,0.0,0.98
2806,0.979259,0.991111,0.0,1.0,0.0,0.0,0.0,0.0,1.0
2807,0.95963,0.992222,0.0,1.0,0.0,0.0,0.01,0.0,0.99
2808,0.837407,0.998889,0.02,0.98,0.0,0.0,0.07,0.0,0.93
2809,0.739259,1.0,0.0,1.0,0.0,0.0,0.01,0.0,0.99
2810,0.978889,0.041852,0.06,0.94,0.0,0.01,0.06,0.0,0.93
2811,0.92,0.141111,0.72,0.25,0.03,0.08,0.69,0.03,0.2
2812,0.958148,0.997037,0.03,0.13,0.84,0.89,0.05,0.01,0.05
2813,0.754074,0.954074,0.14,0.36,0.5,0.2,0.02,0.03,0.75
2814,0.906667,0.213704,0.02,0.98,0.0,0.0,0.03,0.0,0.97
2815,0.913333,0.083704,0.0,1.0,0.0,0.0,0.0,0.0,1.0
2816,0.65963,0.99963,0.0,1.0,0.0,0.0,0.01,0.0,0.99
2817,0.972222,0.995185,0.0,1.0,0.0,0.0,0.0,0.0,1.0
2818,0.875556,0.084074,0.0,1.0,0.0,0.0,0.0,0.0,1.0
2819,0.73037,0.999259,0.01,0.99,0.0,0.0,0.01,0.0,0.99
2820,0.855556,0.997778,0.0,1.0,0.0,0.0,0.01,0.0,0.99
2821,0.933333,0.996667,0.0,1.0,0.0,0.0,0.0,0.0,1.0
2822,0.832593,0.148519,0.02,0.98,0.0,0.0,0.01,0.0,0.99
2823,0.902963,0.153704,0.71,0.22,0.07,0.12,0.08,0.0,0.8
2824,0.645556,0.966296,0.05,0.95,0.0,0.0,0.11,0.0,0.89
2825,0.87037,0.837778,0.18,0.18,0.64,0.77,0.12,0.0,0.11
2826,0.777778,0.917407,0.08,0.22,0.7,0.19,0.05,0.0,0.76
2827,0.797407,0.985926,0.0,1.0,0.0,0.0,0.0,0.0,1.0
2828,0.91037,0.96,0.0,1.0,0.0,0.01,0.02,0.0,0.97
2829,0.888889,0.969259,0.06,0.86,0.08,0.08,0.64,0.03,0.25
2830,0.946667,0.730741,0.0,0.92,0.08,0.06,0.04,0.0,0.9
2831,0.864815,0.995185,0.0,1.0,0.0,0.0,0.01,0.0,0.99
2832,0.958519,0.992222,0.06,0.88,0.06,0.86,0.06,0.01,0.07
2833,0.82963,0.950741,0.03,0.74,0.23,0.53,0.2,0.02,0.25
2834,0.462963,0.99963,0.0,1.0,0.0,0.0,0.01,0.0,0.99
2835,0.834074,0.948889,0.01,0.92,0.07,0.05,0.0,0.0,0.95
2836,0.879259,0.99037,0.0,1.0,0.0,0.0,0.0,0.0,1.0
2837,0.906667,0.882222,0.0,0.96,0.04,0.11,0.72,0.0,0.17
2838,0.967037,0.062593,0.09,0.89,0.02,0.05,0.11,0.0,0.84
2839,0.956667,0.060741,0.15,0.77,0.08,0.15,0.11,0.02,0.72
2840,0.665185,0.948889,0.14,0.27,0.59,0.33,0.01,0.01,0.65
2841,0.830741,0.99963,0.0,1.0,0.0,0.0,0.0,0.0,1.0
2842,0.723333,0.907407,0.03,0.97,0.0,0.02,0.16,0.0,0.82
2843,0.736667,0.947037,0.01,0.99,0.0,0.01,0.06,0.0,0.93
2844,0.581111,0.959259,0.0,1.0,0.0,0.0,0.01,0.0,0.99
2845,0.839259,0.996667,0.0,1.0,0.0,0.0,0.0,0.0,1.0
2846,0.806667,0.963333,0.0,1.0,0.0,0.0,0.01,0.0,0.99
2847,0.807037,0.99963,0.03,0.97,0.0,0.0,0.1,0.0,0.9
2848,0.920741,0.998148,0.0,1.0,0.0,0.0,0.0,0.0,1.0
2849,0.927037,0.997407,0.0,1.0,0.0,0.0,0.0,0.0,1.0
2850,0.825926,0.983704,0.0,1.0,0.0,0.0,0.01,0.0,0.99
2851,0.87037,0.132593,0.03,0.95,0.02,0.0,0.04,0.0,0.96
2852,0.702222,0.973333,0.12,0.53,0.35,0.25,0.07,0.05,0.63
2853,0.850741,0.947037,0.02,0.98,0.0,0.01,0.08,0.0,0.91
2854,0.964074,0.04963,0.1,0.88,0.02,0.15,0.12,0.0,0.73
2855,0.733704,0.996667,0.0,1.0,0.0,0.0,0.01,0.0,0.99
2856,0.811111,0.982963,0.05,0.91,0.04,0.15,0.17,0.03,0.65
2857,0.929259,0.995185,0.0,1.0,0.0,0.0,0.0,0.0,1.0
2858,0.976667,0.122963,0.11,0.85,0.04,0.0,0.27,0.06,0.67
2859,0.79037,0.122963,0.01,0.99,0.0,0.0,0.03,0.0,0.97
2860,0.462222,0.82963,0.07,0.04,0.89,0.89,0.0,0.0,0.11
2861,0.78,0.999259,0.0,1.0,0.0,0.0,0.03,0.0,0.97
2862,0.84963,0.72,0.09,0.68,0.23,0.6,0.15,0.07,0.18
2863,0.905185,0.973704,0.0,0.92,0.08,0.78,0.08,0.01,0.13
2864,0.981111,0.021852,0.0,1.0,0.0,0.0,0.0,0.0,1.0
2865,0.905556,0.976296,0.05,0.22,0.73,0.87,0.03,0.01,0.09
2866,0.489259,0.961481,0.01,0.99,0.0,0.0,0.09,0.0,0.91
2867,0.935926,0.214815,0.09,0.89,0.02,0.02,0.1,0.0,0.88
2868,0.62963,0.996296,0.0,1.0,0.0,0.0,0.01,0.0,0.99
2869,0.715185,1.0,0.02,0.97,0.01,0.01,0.04,0.0,0.95
2870,0.912593,0.985185,0.01,0.98,0.01,0.07,0.03,0.0,0.9
2871,0.519259,0.973333,0.0,1.0,0.0,0.0,0.0,0.0,1.0
2872,0.940741,0.999259,0.0,1.0,0.0,0.0,0.0,0.0,1.0
2873,0.89,0.998519,0.0,1.0,0.0,0.0,0.0,0.0,1.0
2874,0.95963,0.044074,0.0,1.0,0.0,0.0,0.0,0.0,1.0
2875,0.885556,0.961111,0.04,0.94,0.02,0.07,0.0,0.0,0.93
2876,0.931481,0.048519,0.01,0.99,0.0,0.0,0.01,0.0,0.99
2878,0.86,0.974074,0.09,0.24,0.67,0.66,0.03,0.0,0.31
2879,0.766667,0.93037,0.12,0.77,0.11,0.11,0.14,0.01,0.74
2880,0.695185,0.998148,0.0,1.0,0.0,0.0,0.0,0.0,1.0
2881,0.681481,0.998889,0.0,1.0,0.0,0.0,0.01,0.0,0.99
2882,0.842593,0.83037,0.25,0.51,0.24,0.63,0.01,0.08,0.28
2883,0.893333,0.995556,0.04,0.8,0.16,0.79,0.11,0.01,0.09
2884,0.90963,0.995185,0.0,1.0,0.0,0.0,0.0,0.0,1.0
2885,0.886667,0.971111,0.09,0.84,0.07,0.08,0.12,0.0,0.8
2886,0.884074,0.995926,0.0,1.0,0.0,0.0,0.0,0.0,1.0
2887,0.699259,0.974074,0.12,0.29,0.59,0.34,0.02,0.02,0.62
2888,0.967778,0.039259,0.0,1.0,0.0,0.0,0.0,0.0,1.0
2889,0.942963,0.998519,0.0,1.0,0.0,0.0,0.0,0.0,1.0
2890,0.953333,0.996296,0.02,0.95,0.03,0.92,0.04,0.0,0.04
2891,0.764074,0.995926,0.0,1.0,0.0,0.0,0.01,0.01,0.98
2892,0.917037,0.971111,0.04,0.96,0.0,0.01,0.06,0.0,0.93
2893,0.961852,0.023704,0.01,0.99,0.0,0.0,0.0,0.0,1.0
2894,0.465185,0.918519,0.02,0.06,0.92,0.97,0.0,0.01,0.02
2895,0.837407,0.941852,0.14,0.11,0.75,0.92,0.0,0.03,0.05
2896,0.869259,0.971111,0.08,0.82,0.1,0.77,0.0,0.08,0.15
2897,0.816296,0.992963,0.1,0.18,0.72,0.82,0.03,0.02,0.13
2898,0.85037,0.993704,0.05,0.14,0.81,0.86,0.02,0.01,0.11
2899,0.866667,0.903704,0.06,0.89,0.05,0.04,0.11,0.01,0.84
2900,0.925556,0.113333,0.79,0.14,0.07,0.16,0.01,0.06,0.77
2901,0.856296,0.991852,0.01,0.99,0.0,0.02,0.0,0.0,0.98
2902,0.966296,0.120741,0.09,0.84,0.07,0.04,0.21,0.06,0.69
2903,0.7,0.972593,0.16,0.18,0.66,0.69,0.0,0.07,0.24
2904,0.320741,0.981481,0.0,1.0,0.0,0.0,0.0,0.0,1.0
2905,0.858148,0.997778,0.0,1.0,0.0,0.0,0.0,0.0,1.0
2906,0.894444,0.854444,0.04,0.92,0.04,0.07,0.74,0.01,0.18
2907,0.665556,0.975556,0.15,0.19,0.66,0.61,0.01,0.1,0.28
2908,0.934815,0.083704,0.01,0.99,0.0,0.0,0.01,0.0,0.99
2909,0.722593,0.998889,0.0,1.0,0.0,0.0,0.0,0.0,1.0
2910,0.333704,0.840741,0.05,0.01,0.94,0.9,0.0,0.04,0.06
2911,0.96,0.99,0.12,0.79,0.09,0.94,0.04,0.0,0.02
2912,0.956296,0.111111,0.87,0.13,0.0,0.0,0.93,0.0,0.07
2913,0.930741,0.99963,0.0,1.0,0.0,0.0,0.0,0.0,1.0
2914,0.938519,0.978148,0.15,0.21,0.64,0.67,0.12,0.01,0.2
2915,0.892963,0.985926,0.14,0.81,0.05,0.61,0.2,0.04,0.15
2916,0.898148,0.991111,0.03,0.9,0.07,0.19,0.77,0.0,0.04
2917,0.731111,0.995185,0.0,1.0,0.0,0.0,0.0,0.0,1.0
2918,0.845926,0.178148,0.07,0.92,0.01,0.04,0.05,0.03,0.88
2919,0.915185,0.175556,0.16,0.81,0.03,0.04,0.03,0.01,0.92
2920,0.877778,0.974444,0.02,0.94,0.04,0.17,0.64,0.01,0.18
2921,0.82963,0.967407,0.05,0.76,0.19,0.76,0.18,0.0,0.06
2922,0.873704,0.966296,0.02,0.22,0.76,0.91,0.0,0.0,0.09
2923,0.908889,0.924444,0.11,0.22,0.67,0.82,0.0,0.08,0.1
2924,0.891852,0.167037,0.01,0.99,0.0,0.0,0.0,0.0,1.0
2925,0.236667,0.998148,0.01,0.99,0.0,0.0,0.04,0.0,0.96
2926,0.818148,0.992963,0.06,0.13,0.81,0.88,0.04,0.02,0.06
2927,0.941852,0.999259,0.0,1.0,0.0,0.0,0.0,0.0,1.0
2928,0.932593,0.982963,0.0,1.0,0.0,0.0,0.03,0.0,0.97
2929,0.361852,0.998889,0.0,1.0,0.0,0.0,0.07,0.0,0.93
2930,0.969259,0.999259,0.01,0.99,0.0,0.0,0.0,0.0,1.0
2931,0.843333,0.912222,0.18,0.18,0.64,0.64,0.11,0.06,0.19
2932,0.943704,0.998148,0.0,1.0,0.0,0.0,0.0,0.0,1.0
2933,0.544074,0.994074,0.02,0.98,0.0,0.0,0.03,0.0,0.97
2934,0.916296,0.996296,0.04,0.12,0.84,0.8,0.06,0.0,0.14
2935,0.622593,0.994444,0.01,0.99,0.0,0.0,0.02,0.0,0.98
2936,0.914444,0.997407,0.0,1.0,0.0,0.0,0.0,0.0,1.0
2937,0.911481,0.998148,0.0,1.0,0.0,0.0,0.0,0.0,1.0
2938,0.645556,0.994074,0.01,0.99,0.0,0.0,0.83,0.0,0.17
2939,0.593704,0.989259,0.0,1.0,0.0,0.0,0.02,0.0,0.98
2940,0.857037,0.970741,0.1,0.24,0.66,0.69,0.18,0.01,0.12
2941,0.683704,0.887778,0.02,0.98,0.0,0.0,0.07,0.0,0.93
2942,0.548519,0.996667,0.0,1.0,0.0,0.0,0.01,0.0,0.99
2943,0.858889,0.966296,0.04,0.86,0.1,0.2,0.06,0.0,0.74
2944,0.793333,0.842593,0.15,0.68,0.17,0.75,0.0,0.09,0.16
2945,0.880741,1.0,0.0,1.0,0.0,0.0,0.01,0.0,0.99
2946,0.971111,0.998889,0.0,1.0,0.0,0.0,0.0,0.0,1.0
2947,0.885185,0.994815,0.02,0.05,0.93,0.9,0.01,0.01,0.08
2948,0.624444,0.988148,0.0,1.0,0.0,0.0,0.02,0.0,0.98
2949,0.870741,0.974074,0.08,0.11,0.81,0.89,0.0,0.01,0.1
2950,0.948148,0.994074,0.02,0.2,0.78,0.79,0.12,0.0,0.09
2952,0.861852,0.997778,0.0,1.0,0.0,0.0,0.0,0.0,1.0
2953,0.864444,0.124074,0.09,0.86,0.05,0.08,0.02,0.0,0.9
2954,0.885926,0.922222,0.07,0.18,0.75,0.8,0.06,0.0,0.14
2955,0.786667,0.985556,0.0,1.0,0.0,0.0,0.04,0.0,0.96
2956,0.96,0.99963,0.0,1.0,0.0,0.0,0.0,0.0,1.0
2957,0.915926,0.976296,0.08,0.19,0.73,0.73,0.18,0.0,0.09
2958,0.862593,0.973704,0.07,0.86,0.07,0.14,0.06,0.04,0.76
2959,0.907778,0.993333,0.0,1.0,0.0,0.0,0.0,0.0,1.0
2960,0.874074,1.0,0.0,1.0,0.0,0.0,0.0,0.0,1.0
2961,0.303333,0.981481,0.01,0.99,0.0,0.0,0.04,0.0,0.96
2962,0.918148,0.988519,0.0,1.0,0.0,0.0,0.0,0.0,1.0
2963,0.981481,0.042963,0.08,0.92,0.0,0.04,0.04,0.0,0.92
2964,0.454815,0.992222,0.0,1.0,0.0,0.0,0.0,0.0,1.0
2966,0.889259,0.974815,0.0,0.99,0.01,0.02,0.0,0.0,0.98
2967,0.744815,0.694074,0.05,0.06,0.89,0.96,0.01,0.0,0.03
2968,0.222593,0.84963,0.01,0.05,0.94,0.95,0.0,0.02,0.03
2969,0.927778,0.047407,0.2,0.77,0.03,0.02,0.1,0.16,0.72
2970,0.968889,0.067778,0.07,0.87,0.06,0.08,0.14,0.02,0.76
2971,0.935926,0.997037,0.0,1.0,0.0,0.0,0.01,0.0,0.99
2972,0.776296,0.998889,0.0,1.0,0.0,0.0,0.0,0.0,1.0
2973,0.832963,0.116296,0.02,0.98,0.0,0.0,0.01,0.0,0.99
2974,0.63963,0.98,0.01,0.99,0.0,0.0,0.05,0.01,0.94
2975,0.802963,0.998519,0.0,1.0,0.0,0.0,0.0,0.0,1.0
2976,0.942222,0.990741,0.01,0.08,0.91,0.93,0.05,0.0,0.02
2977,0.590741,0.988148,0.01,0.99,0.0,0.0,0.03,0.0,0.97
2978,0.928889,0.999259,0.0,1.0,0.0,0.0,0.01,0.0,0.99
2979,0.889259,0.847778,0.09,0.83,0.08,0.11,0.71,0.03,0.15
2980,0.891111,0.994074,0.0,1.0,0.0,0.0,0.0,0.0,1.0
2981,0.958148,0.054444,0.07,0.88,0.05,0.11,0.03,0.0,0.86
2982,0.837037,0.124074,0.03,0.97,0.0,0.0,0.01,0.0,0.99
2983,0.68,0.995926,0.0,1.0,0.0,0.0,0.02,0.0,0.98
2984,0.944444,0.998519,0.01,0.09,0.9,0.85,0.07,0.0,0.08
2985,0.711852,0.672593,0.04,0.06,0.9,0.89,0.05,0.04,0.02
2986,0.984074,0.057778,0.09,0.89,0.02,0.03,0.1,0.02,0.85
2987,0.953333,0.061111,0.0,1.0,0.0,0.0,0.0,0.0,1.0
2988,0.905556,0.995556,0.0,0.15,0.85,0.84,0.08,0.0,0.08
2989,0.83963,0.13963,0.03,0.97,0.0,0.0,0.05,0.0,0.95
2990,0.817407,0.851852,0.04,0.79,0.17,0.08,0.67,0.01,0.24
2991,0.530741,0.991111,0.0,1.0,0.0,0.01,0.03,0.01,0.95
2992,0.795556,0.999259,0.0,1.0,0.0,0.0,0.02,0.0,0.98
2993,0.428148,0.994074,0.0,1.0,0.0,0.0,0.0,0.0,1.0
2994,0.887778,0.957037,0.03,0.11,0.86,0.89,0.03,0.0,0.08
2995,0.428889,0.998889,0.0,1.0,0.0,0.0,0.01,0.0,0.99
2996,0.39037,0.97963,0.01,0.99,0.0,0.0,0.05,0.0,0.95
2997,0.564815,0.999259,0.0,1.0,0.0,0.0,0.0,0.0,1.0
2998,0.413333,0.998889,0.0,1.0,0.0,0.0,0.04,0.0,0.96
2999,0.181111,0.983333,0.0,1.0,0.0,0.0,0.01,0.0,0.99
3000,0.831481,0.151852,0.01,0.99,0.0,0.0,0.0,0.0,1.0
3001,0.851111,0.993333,0.01,0.99,0.0,0.0,0.02,0.0,0.98
3002,0.923333,0.986296,0.04,0.92,0.04,0.06,0.86,0.01,0.07
3003,0.829259,0.989259,0.01,0.99,0.0,0.0,0.95,0.0,0.05
3004,0.774815,0.998519,0.0,1.0,0.0,0.0,0.01,0.0,0.99
3005,0.954074,0.998889,0.0,1.0,0.0,0.0,0.0,0.0,1.0
3006,0.740741,0.981111,0.0,1.0,0.0,0.0,0.03,0.0,0.97
3007,0.88963,0.987407,0.04,0.07,0.89,0.87,0.05,0.0,0.08
3008,0.894074,0.982593,0.0,1.0,0.0,0.04,0.0,0.0,0.96
3009,0.933704,0.997037,0.0,0.09,0.91,0.83,0.05,0.01,0.11
3010,0.941111,0.057037,0.0,1.0,0.0,0.0,0.0,0.0,1.0
3011,0.884815,0.99963,0.01,0.99,0.0,0.0,0.05,0.0,0.95
3012,0.498519,0.984074,0.0,1.0,0.0,0.0,0.08,0.0,0.92
3013,0.431111,0.998889,0.0,1.0,0.0,0.0,0.03,0.0,0.97
3014,0.278148,0.842593,0.02,0.03,0.95,0.98,0.0,0.02,0.0
3015,0.805926,0.991852,0.01,0.99,0.0,0.0,0.04,0.0,0.96
3016,0.917407,0.994074,0.0,1.0,0.0,0.0,0.0,0.0,1.0
3017,0.850741,0.903333,0.06,0.83,0.11,0.1,0.66,0.04,0.2
3018,0.722963,0.99037,0.03,0.97,0.0,0.01,0.06,0.01,0.92
3019,0.958148,0.997778,0.0,1.0,0.0,0.0,0.0,0.0,1.0
3020,0.886667,0.83963,0.05,0.94,0.01,0.03,0.03,0.03,0.91
3021,0.693704,0.999259,0.02,0.98,0.0,0.0,0.02,0.0,0.98
3022,0.852963,0.995926,0.0,1.0,0.0,0.0,0.0,0.0,1.0
3023,0.559259,0.989259,0.05,0.95,0.0,0.0,0.03,0.0,0.97
3024,0.91,0.969259,0.07,0.91,0.02,0.04,0.96,0.0,0.0
3025,0.938148,0.047037,0.95,0.04,0.01,0.01,0.97,0.0,0.02
3026,0.854444,0.956667,0.11,0.16,0.73,0.83,0.0,0.08,0.09
3027,0.826296,0.995926,0.0,1.0,0.0,0.0,0.0,0.0,1.0
3028,0.927778,0.874444,0.0,0.94,0.06,0.07,0.86,0.0,0.07
3029,0.867778,0.905556,0.02,0.89,0.09,0.14,0.83,0.0,0.03
3030,0.793333,0.785556,0.04,0.95,0.01,0.0,0.06,0.0,0.94
3031,0.715556,0.992963,0.01,0.99,0.0,0.0,0.0,0.0,1.0
3032,0.972593,0.999259,0.0,1.0,0.0,0.0,0.0,0.0,1.0
3033,0.921481,0.995556,0.0,1.0,0.0,0.0,0.02,0.0,0.98
3034,0.277407,0.999259,0.0,1.0,0.0,0.0,0.0,0.0,1.0
3035,0.797778,0.474074,0.11,0.68,0.21,0.28,0.09,0.04,0.59
3036,0.962222,0.988889,0.0,1.0,0.0,0.0,0.0,0.0,1.0
3037,0.845185,0.876667,0.05,0.77,0.18,0.16,0.04,0.04,0.76
3038,0.641852,0.997037,0.0,1.0,0.0,0.0,0.0,0.0,1.0
3039,0.888519,0.084815,0.05,0.94,0.01,0.0,0.07,0.0,0.93
3040,0.731111,0.836296,0.12,0.86,0.02,0.62,0.1,0.06,0.22
3041,0.832593,0.968148,0.01,0.09,0.9,0.94,0.0,0.01,0.05
3042,0.890741,0.901111,0.09,0.7,0.21,0.06,0.01,0.01,0.92
3043,0.404074,0.936296,0.0,1.0,0.0,0.0,0.02,0.0,0.98
3044,0.746296,0.994815,0.0,1.0,0.0,0.0,0.0,0.0,1.0
3045,0.954074,0.972963,0.01,0.99,0.0,0.0,0.02,0.01,0.97
3046,0.818148,0.92963,0.04,0.96,0.0,0.01,0.25,0.0,0.74
3047,0.833333,0.995926,0.0,1.0,0.0,0.0,0.0,0.0,1.0
3048,0.934815,0.997037,0.0,1.0,0.0,0.0,0.0,0.0,1.0
3049,0.903333,0.905185,0.0,0.98,0.02,0.03,0.83,0.0,0.14
3050,0.912593,0.962963,0.01,0.91,0.08,0.8,0.1,0.0,0.1
3051,0.487778,0.976296,0.02,0.98,0.0,0.0,0.02,0.0,0.98
3052,0.955185,0.065556,0.24,0.73,0.03,0.14,0.1,0.0,0.76
3053,0.567407,0.995926,0.01,0.99,0.0,0.0,0.16,0.0,0.84
3054,0.942593,0.942593,0.03,0.91,0.06,0.02,0.9,0.0,0.08
3055,0.714444,0.996667,0.02,0.98,0.0,0.0,0.0,0.0,1.0
3056,0.902593,0.99037,0.09,0.71,0.2,0.11,0.03,0.03,0.83
3057,0.347407,0.994444,0.0,1.0,0.0,0.0,0.0,0.0,1.0
3058,0.399259,0.991481,0.0,1.0,0.0,0.0,0.0,0.0,1.0
3059,0.842222,0.991111,0.0,1.0,0.0,0.0,0.95,0.0,0.05
3060,0.699259,0.973704,0.08,0.59,0.33,0.21,0.07,0.01,0.71
3061,0.781111,0.96037,0.05,0.95,0.0,0.0,0.1,0.0,0.9
3062,0.722222,0.996296,0.01,0.99,0.0,0.0,0.0,0.01,0.99
3063,0.885185,0.913333,0.11,0.75,0.14,0.22,0.62,0.01,0.15
3064,0.970741,0.998889,0.0,1.0,0.0,0.0,0.0,0.0,1.0
3065,0.75,0.499259,0.07,0.7,0.23,0.27,0.14,0.04,0.55
3066,0.647407,0.998519,0.0,1.0,0.0,0.0,0.01,0.0,0.99
3067,0.935556,0.994815,0.0,1.0,0.0,0.0,0.01,0.0,0.99
3068,0.76037,0.961852,0.03,0.89,0.08,0.8,0.05,0.01,0.14
3069,0.45963,0.99,0.0,1.0,0.0,0.0,0.0,0.01,0.99
3070,0.867407,0.236296,0.01,0.98,0.01,0.0,0.02,0.0,0.98
3071,0.949259,0.102593,0.09,0.88,0.03,0.14,0.05,0.01,0.8
3072,0.70037,0.992222,0.0,1.0,0.0,0.0,0.93,0.0,0.07
3073,0.806667,0.964444,0.06,0.85,0.09,0.08,0.21,0.0,0.71
3074,0.957407,0.065926,0.13,0.8,0.07,0.14,0.11,0.02,0.73
3075,0.920741,0.998519,0.0,1.0,0.0,0.0,0.01,0.0,0.99
3076,0.968148,0.997037,0.01,0.83,0.16,0.68,0.26,0.0,0.06
3077,0.936296,0.998148,0.0,1.0,0.0,0.0,0.0,0.0,1.0
3078,0.837407,0.966296,0.0,1.0,0.0,0.0,0.01,0.0,0.99
3079,0.511111,0.999259,0.0,1.0,0.0,0.0,0.04,0.0,0.96
3080,0.785926,0.877037,0.02,0.94,0.04,0.01,0.31,0.0,0.68
3081,0.720741,0.947037,0.01,0.99,0.0,0.03,0.16,0.0,0.81
3082,0.695926,0.995185,0.0,1.0,0.0,0.0,0.05,0.0,0.95
3083,0.624815,0.98,0.02,0.98,0.0,0.0,0.03,0.01,0.96
3084,0.687037,0.972593,0.21,0.54,0.25,0.27,0.05,0.04,0.64
3085,0.922963,0.996296,0.0,1.0,0.0,0.0,0.0,0.0,1.0
3086,0.84037,0.999259,0.0,1.0,0.0,0.0,0.03,0.0,0.97
3087,0.986667,0.051111,0.03,0.97,0.0,0.0,0.02,0.0,0.98
3088,0.828889,0.997778,0.01,0.99,0.0,0.0,0.06,0.0,0.94
3089,0.814074,0.266667,0.17,0.67,0.16,0.21,0.02,0.02,0.75
3090,0.546296,0.992222,0.0,1.0,0.0,0.0,0.09,0.0,0.91
3091,0.95963,0.996667,0.0,0.98,0.02,0.15,0.08,0.0,0.77
3092,0.413704,0.954074,0.01,0.99,0.0,0.0,0.05,0.0,0.95
3093,0.888889,0.99037,0.0,1.0,0.0,0.0,0.05,0.0,0.95
3094,0.871852,0.994444,0.03,0.84,0.13,0.12,0.02,0.0,0.86
3095,0.711111,0.967037,0.0,1.0,0.0,0.0,0.02,0.01,0.97
3096,0.946667,0.985926,0.0,0.93,0.07,0.17,0.04,0.0,0.79
3097,0.945556,0.998519,0.0,1.0,0.0,0.0,0.01,0.0,0.99
3098,0.957778,0.050741,0.04,0.92,0.04,0.09,0.04,0.0,0.87
3099,0.839259,0.982963,0.01,0.99,0.0,0.0,0.07,0.0,0.93
3100,0.86,0.949259,0.05,0.1,0.85,0.79,0.05,0.05,0.11
3101,0.902593,0.82,0.02,0.91,0.07,0.1,0.68,0.03,0.19
3102,0.716296,0.997037,0.0,1.0,0.0,0.0,0.01,0.0,0.99
3103,0.562593,0.98963,0.0,1.0,0.0,0.0,0.0,0.0,1.0
3104,0.877037,0.965556,0.02,0.97,0.01,0.02,0.0,0.01,0.97
3105,0.814815,0.995556,0.0,1.0,0.0,0.0,0.01,0.0,0.99
3106,0.767778,1.0,0.02,0.98,0.0,0.0,0.11,0.0,0.89
3108,0.915185,0.973704,0.03,0.74,0.23,0.86,0.07,0.01,0.06
3109,0.931481,0.214815,0.1,0.75,0.15,0.2,0.05,0.06,0.69
3110,0.662593,0.947407,0.0,1.0,0.0,0.0,0.03,0.0,0.97
3111,0.764074,0.883333,0.03,0.97,0.0,0.02,0.14,0.0,0.84
3112,0.513704,0.994074,0.01,0.99,0.0,0.0,0.05,0.0,0.95
3113,0.931852,0.997037,0.0,1.0,0.0,0.0,0.0,0.0,1.0
3114,0.880741,0.988889,0.0,1.0,0.0,0.0,0.01,0.0,0.99
3115,0.971111,0.992593,0.0,0.88,0.12,0.95,0.02,0.0,0.03
3116,0.852222,0.99,0.73,0.11,0.16,0.29,0.0,0.21,0.5
3117,0.940741,0.096296,0.01,0.99,0.0,0.0,0.0,0.0,1.0
3118,0.814815,0.99963,0.0,1.0,0.0,0.0,0.02,0.0,0.98
3119,0.889259,0.994444,0.02,0.95,0.03,0.8,0.07,0.0,0.13
3120,0.636667,0.97963,0.03,0.97,0.0,0.0,0.03,0.0,0.97
3121,0.988519,0.998148,0.0,1.0,0.0,0.0,0.0,0.0,1.0
3122,0.907407,0.929259,0.15,0.18,0.67,0.74,0.13,0.0,0.13
3123,0.937778,0.994444,0.01,0.14,0.85,0.77,0.12,0.01,0.1
3124,0.89,0.995926,0.03,0.08,0.89,0.87,0.03,0.01,0.09
3125,0.720741,0.995185,0.03,0.97,0.0,0.0,0.96,0.0,0.04
3126,0.905185,0.993333,0.0,1.0,0.0,0.0,0.01,0.0,0.99
3127,0.815185,0.992593,0.06,0.13,0.81,0.85,0.03,0.0,0.12
3128,0.956667,0.991852,0.04,0.9,0.06,0.93,0.02,0.0,0.05
3129,0.742222,0.971481,0.18,0.3,0.52,0.2,0.06,0.02,0.72
3130,0.936667,0.945185,0.03,0.97,0.0,0.0,0.04,0.01,0.95
3131,0.970741,1.0,0.0,1.0,0.0,0.0,0.0,0.0,1.0
3132,0.838148,1.0,0.0,1.0,0.0,0.0,0.0,0.0,1.0
3133,0.372593,0.835556,0.04,0.05,0.91,0.96,0.0,0.01,0.03
3134,0.926296,0.992963,0.0,1.0,0.0,0.0,0.01,0.0,0.99
3135,0.948889,0.996667,0.01,0.2,0.79,0.83,0.06,0.0,0.11
3136,0.894815,0.995556,0.0,1.0,0.0,0.0,0.0,0.0,1.0
3137,0.793333,0.959259,0.07,0.92,0.01,0.01,0.12,0.01,0.86
3138,0.69,0.971481,0.16,0.57,0.27,0.29,0.05,0.0,0.66
3139,0.857407,0.977037,0.04,0.94,0.02,0.1,0.9,0.0,0.0
3140,0.922222,0.995185,0.0,1.0,0.0,0.0,0.01,0.0,0.99
3141,0.948519,0.991481,0.01,0.97,0.02,0.0,0.0,0.0,1.0
3142,0.864074,0.804444,0.11,0.77,0.12,0.17,0.02,0.06,0.75
3143,0.810741,0.987037,0.03,0.97,0.0,0.0,0.91,0.0,0.09
3144,0.974444,0.105556,0.1,0.9,0.0,0.05,0.12,0.05,0.78
3145,0.903704,0.995556,0.0,1.0,0.0,0.0,0.0,0.0,1.0
3146,0.956667,0.998889,0.0,1.0,0.0,0.0,0.0,0.0,1.0
3147,0.928519,0.992222,0.0,1.0,0.0,0.0,0.0,0.0,1.0
3148,0.929259,0.992593,0.0,1.0,0.0,0.0,0.01,0.0,0.99
3149,0.946667,0.987407,0.08,0.88,0.04,0.01,0.96,0.0,0.03
3150,0.982593,0.989259,0.0,1.0,0.0,0.0,0.0,0.0,1.0
3151,0.932593,0.995185,0.0,1.0,0.0,0.0,0.0,0.0,1.0
3152,0.981852,0.068148,0.2,0.76,0.04,0.09,0.13,0.01,0.77
3153,0.776667,0.97963,0.03,0.97,0.0,0.0,0.08,0.0,0.92
3154,0.618148,0.99963,0.0,1.0,0.0,0.0,0.01,0.0,0.99
3155,0.84963,0.981481,0.0,0.99,0.01,0.01,0.1,0.0,0.89
3156,0.717037,0.997778,0.0,1.0,0.0,0.0,0.0,0.0,1.0
3157,0.975926,0.985185,0.0,1.0,0.0,0.0,0.0,0.0,1.0
3158,0.898519,0.998889,0.0,1.0,0.0,0.0,0.0,0.0,1.0
3159,0.812222,0.856667,0.03,0.97,0.0,0.0,0.06,0.0,0.94
3160,0.64,0.845185,0.06,0.06,0.88,0.95,0.0,0.01,0.04
3161,0.872963,0.992593,0.01,0.99,0.0,0.0,0.02,0.0,0.98
3162,0.755556,0.975926,0.01,0.99,0.0,0.0,0.12,0.0,0.88
3163,0.687037,0.994815,0.01,0.99,0.0,0.0,0.8,0.0,0.2
3164,0.771852,0.975185,0.19,0.25,0.56,0.29,0.04,0.03,0.64
3165,0.90037,0.98963,0.0,1.0,0.0,0.01,0.04,0.0,0.95
3166,0.904815,0.961852,0.04,0.9,0.06,0.06,0.01,0.0,0.93
3167,0.754815,0.998519,0.0,1.0,0.0,0.0,0.0,0.0,1.0
3168,0.89963,0.998889,0.0,1.0,0.0,0.0,0.0,0.0,1.0
3169,0.737037,0.975926,0.0,1.0,0.0,0.0,0.98,0.0,0.02
3170,0.920741,0.077037,0.03,0.95,0.02,0.0,0.04,0.0,0.96
3171,0.966667,0.056296,0.91,0.04,0.05,0.02,0.93,0.0,0.05
3172,0.802222,0.996296,0.0,1.0,0.0,0.0,0.0,0.0,1.0
3173,0.876667,1.0,0.0,1.0,0.0,0.0,0.0,0.0,1.0
3174,0.742963,0.997778,0.01,0.99,0.0,0.0,0.0,0.01,0.99
3175,0.972222,0.104444,0.06,0.88,0.06,0.08,0.04,0.0,0.88
3176,0.828889,0.99963,0.0,1.0,0.0,0.0,0.0,0.0,1.0
3177,0.938889,0.998148,0.0,1.0,0.0,0.0,0.0,0.0,1.0
3178,0.951852,0.997778,0.0,1.0,0.0,0.0,0.0,0.0,1.0
3179,0.872222,0.99,0.2,0.14,0.66,0.7,0.0,0.1,0.2
3180,0.407407,0.996296,0.0,1.0,0.0,0.0,0.02,0.0,0.98
3181,0.784074,0.998148,0.0,1.0,0.0,0.0,0.01,0.0,0.99
3182,0.953333,1.0,0.0,1.0,0.0,0.0,0.0,0.0,1.0
3183,0.701852,0.971481,0.1,0.31,0.59,0.32,0.04,0.02,0.62
3184,0.396667,0.997407,0.0,1.0,0.0,0.0,0.0,0.0,1.0
3185,0.90037,0.881852,0.0,1.0,0.0,0.01,0.02,0.0,0.97
3186,0.910741,0.880741,0.6,0.23,0.17,0.13,0.05,0.0,0.82
3187,0.857407,0.928519,0.05,0.8,0.15,0.11,0.02,0.0,0.87
3188,0.975185,0.995185,0.0,1.0,0.0,0.0,0.0,0.0,1.0
3189,0.945185,0.998889,0.0,1.0,0.0,0.0,0.0,0.0,1.0
3190,0.950741,0.995556,0.02,0.07,0.91,0.93,0.03,0.0,0.04
3191,0.921481,1.0,0.0,1.0,0.0,0.0,0.0,0.0,1.0
3192,0.83963,0.998519,0.0,1.0,0.0,0.0,0.01,0.0,0.99
3193,0.788148,0.783333,0.11,0.66,0.23,0.2,0.12,0.02,0.66
3194,0.685926,0.945926,0.0,1.0,0.0,0.0,0.98,0.0,0.02
3195,0.748889,0.998889,0.01,0.99,0.0,0.0,0.08,0.0,0.92
3196,0.385185,0.87037,0.03,0.04,0.93,0.94,0.0,0.02,0.04
3197,0.894815,0.981111,0.0,1.0,0.0,0.0,0.0,0.0,1.0
3198,0.663333,0.992963,0.0,1.0,0.0,0.0,0.1,0.0,0.9
3199,0.646296,0.995926,0.02,0.98,0.0,0.0,0.81,0.0,0.19
3200,0.653704,0.994815,0.0,1.0,0.0,0.0,0.1,0.0,0.9
3201,0.935185,0.976667,0.01,0.97,0.02,0.03,0.02,0.0,0.95
3202,0.856667,0.984074,0.07,0.93,0.0,0.0,0.19,0.0,0.81
3203,0.958889,0.974444,0.01,0.99,0.0,0.02,0.93,0.0,0.05
3204,0.907407,0.992222,0.0,0.99,0.01,0.06,0.84,0.0,0.1
3205,0.908889,0.894815,0.02,0.92,0.06,0.05,0.85,0.0,0.1
3206,0.835926,0.999259,0.0,1.0,0.0,0.0,0.02,0.0,0.98
3207,0.51037,0.994444,0.0,1.0,0.0,0.0,0.02,0.0,0.98
3208,0.19,0.994074,0.0,1.0,0.0,0.0,0.01,0.0,0.99
3209,0.938148,0.994815,0.0,1.0,0.0,0.0,0.04,0.0,0.96
3210,0.572222,0.99963,0.0,1.0,0.0,0.01,0.01,0.0,0.98
3211,0.665926,0.691481,0.11,0.68,0.21,0.63,0.13,0.07,0.17
3212,0.887778,0.84037,0.04,0.95,0.01,0.0,0.08,0.0,0.92
3213,0.852593,0.996296,0.0,1.0,0.0,0.0,0.02,0.0,0.98
3214,0.691481,0.99,0.0,1.0,0.0,0.0,0.0,0.0,1.0
3215,0.776667,0.855926,0.17,0.65,0.18,0.24,0.12,0.02,0.62
3216,0.884074,0.995185,0.01,0.91,0.08,0.72,0.17,0.0,0.11
3217,0.822963,0.988889,0.0,1.0,0.0,0.0,0.01,0.0,0.99
3218,0.944074,0.998148,0.0,1.0,0.0,0.0,0.0,0.0,1.0
3219,0.875926,0.991852,0.0,0.99,0.01,0.07,0.83,0.0,0.1
3220,0.908519,0.995556,0.0,1.0,0.0,0.0,0.0,0.0,1.0
3221,0.924074,0.995556,0.0,0.95,0.05,0.06,0.83,0.0,0.11
3222,0.99,0.051111,0.12,0.81,0.07,0.0,0.18,0.0,0.82
3223,0.970741,0.99963,0.0,1.0,0.0,0.0,0.03,0.0,0.97
3224,0.766667,0.998889,0.01,0.99,0.0,0.0,0.03,0.0,0.97
3225,0.93963,0.998519,0.01,0.98,0.01,0.0,0.01,0.0,0.99
3226,0.837407,0.898519,0.03,0.92,0.05,0.03,0.86,0.02,0.09
3227,0.741481,0.997407,0.0,1.0,0.0,0.0,0.0,0.0,1.0
3228,0.771481,0.997778,0.0,1.0,0.0,0.0,0.01,0.0,0.99
3229,0.712963,0.972222,0.11,0.38,0.51,0.32,0.01,0.01,0.66
3230,0.847037,0.294074,0.16,0.76,0.08,0.12,0.04,0.05,0.79
3231,0.784815,0.997037,0.0,1.0,0.0,0.0,0.0,0.01,0.99
3232,0.89037,0.98037,0.04,0.95,0.01,0.01,0.08,0.0,0.91
3233,0.882593,0.983333,0.0,0.98,0.02,0.87,0.07,0.0,0.06
3234,0.168148,0.992963,0.0,1.0,0.0,0.0,0.0,0.0,1.0
3235,0.438148,0.904074,0.08,0.06,0.86,0.91,0.02,0.0,0.07
3236,0.830741,0.995926,0.0,1.0,0.0,0.0,0.0,0.0,1.0
3237,0.98,0.049259,0.11,0.88,0.01,0.0,0.07,0.0,0.93
3238,0.986667,0.036296,0.1,0.84,0.06,0.03,0.06,0.0,0.91
3239,0.901852,0.99,0.0,1.0,0.0,0.0,0.0,0.0,1.0
3240,0.89037,0.984074,0.05,0.27,0.68,0.75,0.0,0.05,0.2
3241,0.654444,0.997037,0.0,1.0,0.0,0.0,0.01,0.0,0.99
3242,0.757778,0.983333,0.0,1.0,0.0,0.0,0.07,0.0,0.93
3243,0.72037,0.99963,0.01,0.99,0.0,0.0,0.02,0.0,0.98
3244,0.890741,0.986667,0.07,0.12,0.81,0.77,0.05,0.0,0.18
3245,0.878889,0.983333,0.03,0.1,0.87,0.86,0.04,0.0,0.1
3246,0.866667,0.986296,0.0,1.0,0.0,0.0,0.01,0.0,0.99
3247,0.535185,0.993704,0.0,1.0,0.0,0.0,0.01,0.0,0.99
3248,0.854815,0.185926,0.02,0.97,0.01,0.0,0.0,0.0,1.0
3249,0.658148,0.996296,0.0,1.0,0.0,0.0,0.02,0.0,0.98
3250,0.85,0.998889,0.0,1.0,0.0,0.0,0.02,0.0,0.98
3251,0.971111,1.0,0.0,1.0,0.0,0.0,0.0,0.0,1.0
3252,0.901111,0.847778,0.01,0.95,0.04,0.11,0.85,0.0,0.04
3253,0.740741,0.97037,0.17,0.25,0.58,0.32,0.04,0.02,0.62
3254,0.588889,0.99963,0.0,1.0,0.0,0.0,0.02,0.0,0.98
3255,0.345556,0.98963,0.0,1.0,0.0,0.0,0.0,0.0,1.0
3256,0.966667,0.033704,0.0,1.0,0.0,0.0,0.0,0.0,1.0
3257,0.808889,0.99963,0.0,1.0,0.0,0.0,0.0,0.0,1.0
3258,0.927778,0.103704,0.25,0.69,0.06,0.01,0.87,0.02,0.1
3259,0.906667,0.943704,0.05,0.85,0.1,0.69,0.03,0.01,0.27
3260,0.801481,0.929259,0.03,0.88,0.09,0.13,0.18,0.02,0.67
3261,0.914074,0.993704,0.02,0.95,0.03,0.09,0.03,0.0,0.88
3262,0.26963,0.992593,0.0,1.0,0.0,0.0,0.0,0.0,1.0
3263,0.885556,0.993333,0.0,1.0,0.0,0.0,0.0,0.0,1.0
3264,0.908148,0.176296,0.0,1.0,0.0,0.0,0.0,0.0,1.0
3265,0.773704,0.238889,0.24,0.29,0.47,0.16,0.55,0.06,0.23
3266,0.422593,0.985556,0.0,1.0,0.0,0.0,0.01,0.0,0.99
3267,0.760741,0.99963,0.0,1.0,0.0,0.0,0.01,0.0,0.99
3268,0.902593,0.95963,0.04,0.81,0.15,0.73,0.01,0.07,0.19
3269,0.865185,0.997778,0.01,0.99,0.0,0.0,0.01,0.0,0.99
3270,0.930741,0.999259,0.0,1.0,0.0,0.0,0.0,0.0,1.0
3271,0.910741,0.972222,0.0,0.98,0.02,0.04,0.2,0.0,0.76
3272,0.964815,0.171111,0.04,0.95,0.01,0.03,0.03,0.0,0.94
3273,0.381852,0.923704,0.01,0.99,0.0,0.0,0.02,0.0,0.98
3274,0.882963,0.984074,0.01,0.99,0.0,0.0,0.01,0.0,0.99
3275,0.874815,0.974074,0.1,0.84,0.06,0.15,0.11,0.06,0.68
3276,0.781111,0.99963,0.0,1.0,0.0,0.0,0.09,0.0,0.91
3278,0.846667,0.959259,0.02,0.34,0.64,0.68,0.16,0.02,0.14
3279,0.880741,0.11037,0.05,0.95,0.0,0.0,0.01,0.0,0.99
3280,0.436667,0.997037,0.0,1.0,0.0,0.0,0.1,0.0,0.9
3281,0.814074,0.994074,0.0,1.0,0.0,0.0,0.01,0.0,0.99
3282,0.247778,0.836296,0.05,0.03,0.92,0.95,0.0,0.01,0.04
3283,0.901481,0.970741,0.05,0.84,0.11,0.08,0.04,0.02,0.86
3284,0.721111,0.975185,0.11,0.15,0.74,0.3,0.03,0.02,0.65
3285,0.824074,0.968148,0.01,0.96,0.03,0.13,0.72,0.0,0.15
3286,0.848519,0.98963,0.03,0.95,0.02,0.05,0.02,0.01,0.92
3287,0.874074,0.993333,0.0,1.0,0.0,0.0,0.0,0.0,1.0
3288,0.571111,0.780741,0.11,0.09,0.8,0.92,0.02,0.01,0.05
3289,0.758148,0.983333,0.21,0.67,0.12,0.21,0.12,0.02,0.65
3290,0.885185,0.82037,0.05,0.91,0.04,0.08,0.82,0.01,0.09
3291,0.826296,0.092222,0.02,0.98,0.0,0.0,0.01,0.0,0.99
3292,0.843333,0.99,0.0,1.0,0.0,0.0,0.05,0.0,0.95
3293,0.680741,0.974074,0.22,0.18,0.6,0.58,0.05,0.06,0.31
3294,0.932222,0.999259,0.0,1.0,0.0,0.0,0.0,0.0,1.0
3295,0.904074,0.996667,0.0,1.0,0.0,0.0,0.0,0.0,1.0
3296,0.94037,0.999259,0.0,1.0,0.0,0.0,0.0,0.0,1.0
3297,0.893704,0.98037,0.04,0.17,0.79,0.86,0.13,0.0,0.01
3298,0.976296,0.06963,0.24,0.74,0.02,0.22,0.11,0.01,0.66
3299,0.799259,0.97037,0.04,0.94,0.02,0.01,0.05,0.0,0.94
3300,0.70037,0.995185,0.01,0.99,0.0,0.0,0.85,0.0,0.15
3301,0.882593,0.965185,0.05,0.13,0.82,0.91,0.0,0.05,0.04
3302,0.878519,0.787778,0.13,0.14,0.73,0.81,0.05,0.0,0.14
3303,0.955185,0.999259,0.0,1.0,0.0,0.0,0.0,0.0,1.0
3304,0.727037,0.999259,0.01,0.99,0.0,0.0,0.0,0.0,1.0
3305,0.947778,0.972222,0.01,0.98,0.01,0.02,0.01,0.0,0.97
3306,0.236296,0.98963,0.0,1.0,0.0,0.0,0.0,0.0,1.0
3307,0.944074,0.988148,0.01,0.95,0.04,0.04,0.05,0.01,0.9
3308,0.918519,1.0,0.0,1.0,0.0,0.0,0.0,0.0,1.0
3309,0.862222,0.998519,0.0,1.0,0.0,0.0,0.0,0.0,1.0
3310,0.965556,0.063333,0.11,0.85,0.04,0.08,0.1,0.01,0.81
3311,0.79963,0.997778,0.0,1.0,0.0,0.0,0.0,0.0,1.0
3312,0.430741,0.883333,0.02,0.07,0.91,0.94,0.0,0.01,0.05
3313,0.661852,0.999259,0.01,0.99,0.0,0.0,0.1,0.0,0.9
3314,0.854815,0.988519,0.01,0.99,0.0,0.02,0.02,0.01,0.95
3315,0.448519,0.985185,0.0,1.0,0.0,0.0,0.02,0.0,0.98
3316,0.881852,0.981481,0.01,0.99,0.0,0.0,1.0,0.0,0.0
3317,0.636667,0.98,0.02,0.98,0.0,0.0,0.02,0.0,0.98
3318,0.874444,0.980741,0.0,1.0,0.0,0.0,0.0,0.0,1.0
3319,0.882593,0.995926,0.02,0.1,0.88,0.86,0.06,0.0,0.08
3320,0.961481,0.995926,0.02,0.86,0.12,0.77,0.13,0.0,0.1
3321,0.974444,0.998889,0.0,1.0,0.0,0.0,0.0,0.0,1.0
3322,0.827037,0.882222,0.04,0.61,0.35,0.6,0.22,0.01,0.17
3323,0.914444,0.991481,0.0,1.0,0.0,0.0,0.0,0.0,1.0
3324,0.916296,0.105556,0.0,0.98,0.02,0.03,0.02,0.01,0.94
3325,0.844074,0.812222,0.1,0.8,0.1,0.23,0.2,0.05,0.52
3326,0.867037,0.921852,0.02,0.82,0.16,0.87,0.03,0.0,0.1
3327,0.701481,0.997407,0.0,1.0,0.0,0.0,0.0,0.0,1.0
3328,0.887037,0.089259,0.01,0.99,0.0,0.0,0.01,0.0,0.99
3329,0.775926,0.335185,0.22,0.65,0.13,0.09,0.24,0.14,0.53
3330,0.808889,0.994444,0.09,0.18,0.73,0.81,0.07,0.0,0.12
3331,0.85963,0.987407,0.02,0.96,0.02,0.21,0.09,0.01,0.69
3332,0.464444,0.997037,0.01,0.99,0.0,0.0,0.09,0.0,0.91
3333,0.45,0.998148,0.0,1.0,0.0,0.0,0.03,0.0,0.97
3334,0.894815,0.977778,0.06,0.08,0.86,0.91,0.03,0.0,0.06
3335,0.886296,0.991852,0.05,0.06,0.89,0.91,0.02,0.01,0.06
3336,0.934444,0.984444,0.0,0.97,0.03,0.07,0.0,0.0,0.93
3337,0.877037,0.184444,0.0,1.0,0.0,0.0,0.0,0.0,1.0
3338,0.707037,0.950741,0.13,0.22,0.65,0.79,0.0,0.06,0.15
3339,0.894074,0.977407,0.01,0.11,0.88,0.81,0.15,0.0,0.04
3340,0.984815,0.051481,0.0,1.0,0.0,0.0,0.01,0.0,0.99
3341,0.911111,0.975556,0.01,0.96,0.03,0.04,0.01,0.0,0.95
3342,0.838519,0.975926,0.03,0.93,0.04,0.08,0.09,0.03,0.8
3343,0.723333,0.964444,0.01,0.99,0.0,0.0,0.0,0.0,1.0
3344,0.788519,0.996296,0.01,0.99,0.0,0.0,0.03,0.0,0.97
3345,0.718519,0.970741,0.16,0.33,0.51,0.29,0.04,0.04,0.63
3346,0.882222,0.28037,0.06,0.91,0.03,0.0,0.14,0.0,0.86
3347,0.914815,0.998889,0.0,1.0,0.0,0.0,0.0,0.0,1.0
3348,0.992593,0.048889,0.05,0.95,0.0,0.02,0.06,0.0,0.92
3349,0.778519,0.991481,0.0,1.0,0.0,0.0,0.02,0.0,0.98
3350,0.248889,0.984074,0.0,1.0,0.0,0.0,0.0,0.0,1.0
3351,0.896296,0.995556,0.0,1.0,0.0,0.0,0.0,0.0,1.0
3352,0.866296,0.977407,0.03,0.85,0.12,0.59,0.06,0.1,0.25
3353,0.510741,0.997778,0.0,1.0,0.0,0.0,0.02,0.0,0.98
3354,0.772593,0.995556,0.0,1.0,0.0,0.0,0.0,0.0,1.0
3355,0.944444,0.995926,0.0,1.0,0.0,0.0,0.0,0.0,1.0
3356,0.978889,0.997778,0.0,1.0,0.0,0.0,0.0,0.0,1.0
3357,0.828148,1.0,0.0,1.0,0.0,0.0,0.0,0.0,1.0
3358,0.96963,1.0,0.0,1.0,0.0,0.0,0.0,0.0,1.0
3359,0.353333,0.983704,0.0,1.0,0.0,0.0,0.0,0.0,1.0
3360,0.924074,0.993333,0.0,1.0,0.0,0.0,0.0,0.0,1.0
3361,0.912593,0.97,0.02,0.04,0.94,0.91,0.01,0.0,0.08
3362,0.93037,0.981481,0.11,0.23,0.66,0.63,0.18,0.01,0.18
3363,0.867407,0.876667,0.04,0.95,0.01,0.0,0.08,0.0,0.92
3364,0.390741,0.997037,0.0,1.0,0.0,0.0,0.02,0.0,0.98
3365,0.877407,0.93037,0.21,0.15,0.64,0.77,0.17,0.0,0.06
3366,0.88,0.197037,0.0,1.0,0.0,0.0,0.0,0.0,1.0
3367,0.90037,1.0,0.0,1.0,0.0,0.0,0.0,0.0,1.0
3368,0.924074,0.995556,0.0,1.0,0.0,0.0,0.02,0.0,0.98
3369,0.746296,0.962222,0.01,0.99,0.0,0.0,0.05,0.0,0.95
3370,0.976296,0.998148,0.0,1.0,0.0,0.0,0.0,0.0,1.0
3371,0.894444,0.985926,0.01,0.99,0.0,0.0,0.02,0.0,0.98
3372,0.817407,0.966296,0.72,0.2,0.08,0.09,0.09,0.12,0.7
3373,0.812593,1.0,0.0,1.0,0.0,0.0,0.0,0.0,1.0
3374,0.840741,0.938519,0.08,0.81,0.11,0.04,0.03,0.0,0.93
3375,0.921852,0.971852,0.01,0.99,0.0,0.0,0.03,0.0,0.97
3376,0.946296,0.997778,0.0,1.0,0.0,0.0,0.01,0.0,0.99
3377,0.854815,0.993704,0.0,1.0,0.0,0.0,0.0,0.0,1.0
3378,0.875556,0.938889,0.02,0.98,0.0,0.0,0.03,0.0,0.97
3379,0.38037,0.997037,0.0,1.0,0.0,0.0,0.03,0.0,0.97
3380,0.956296,0.985926,0.02,0.9,0.08,0.03,0.04,0.0,0.93
3381,0.878889,0.814815,0.13,0.21,0.66,0.72,0.09,0.06,0.13
3382,0.946667,0.980741,0.14,0.14,0.72,0.69,0.25,0.0,0.06
3383,0.647778,0.954074,0.16,0.24,0.6,0.23,0.08,0.04,0.65
3384,0.934444,0.991481,0.0,0.95,0.05,0.15,0.81,0.01,0.03
3385,0.812222,1.0,0.0,1.0,0.0,0.0,0.0,0.0,1.0
3386,0.90037,0.36037,0.19,0.74,0.07,0.07,0.12,0.05,0.76
3387,0.914444,0.91037,0.0,0.99,0.01,0.04,0.78,0.01,0.17
3388,0.653333,0.952222,0.29,0.48,0.23,0.31,0.03,0.02,0.64
3389,0.623704,0.995926,0.0,1.0,0.0,0.0,0.02,0.0,0.98
3390,0.37,0.987778,0.0,1.0,0.0,0.0,0.0,0.0,1.0
3391,0.768148,0.991481,0.0,1.0,0.0,0.0,0.96,0.0,0.04
3392,0.814815,0.99963,0.0,1.0,0.0,0.0,0.03,0.0,0.97
3393,0.431111,0.993333,0.0,1.0,0.0,0.0,0.01,0.0,0.99
3394,0.724815,0.909259,0.17,0.59,0.24,0.29,0.06,0.0,0.65
3395,0.91,0.06037,0.04,0.96,0.0,0.0,0.06,0.0,0.94
3396,0.871852,0.077778,0.03,0.97,0.0,0.0,0.01,0.0,0.99
3397,0.960741,1.0,0.0,1.0,0.0,0.0,0.0,0.0,1.0
3398,0.772222,0.92,0.1,0.89,0.01,0.01,0.1,0.0,0.89
3399,0.958519,0.995556,0.0,1.0,0.0,0.0,0.01,0.0,0.99
3400,0.840741,0.17037,0.0,1.0,0.0,0.0,0.0,0.0,1.0
3401,0.893704,0.119259,0.0,1.0,0.0,0.0,0.0,0.0,1.0
3402,0.739259,0.996296,0.0,1.0,0.0,0.0,0.0,0.0,1.0
3403,0.907778,0.968519,0.07,0.16,0.77,0.89,0.05,0.01,0.05
3404,0.846667,0.970741,0.07,0.22,0.71,0.78,0.1,0.01,0.11
3405,0.941111,0.998889,0.0,1.0,0.0,0.0,0.0,0.0,1.0
3406,0.840741,0.192222,0.09,0.91,0.0,0.0,0.02,0.0,0.98
3407,0.956667,0.998889,0.0,1.0,0.0,0.0,0.0,0.0,1.0
3408,0.922222,0.997407,0.0,1.0,0.0,0.0,0.01,0.0,0.99
3409,0.877037,0.879259,0.02,0.93,0.05,0.09,0.72,0.01,0.18
3410,0.88,0.98037,0.03,0.97,0.0,0.0,0.12,0.0,0.88
3411,0.707778,0.998519,0.01,0.99,0.0,0.0,0.07,0.0,0.93
